1	2026-06-13T23:08:10.8783156180	data/ner_hf/.cache/huggingface/.gitignore
100	2026-06-13T23:08:11.5301955390	data/ner_hf/.cache/huggingface/download/.gitattributes.metadata
101	2026-06-13T23:08:11.4558605150	data/ner_hf/.cache/huggingface/download/README.md.metadata
125	2026-06-13T23:08:15.1725255720	data/ner_hf/.cache/huggingface/download/data/test.parquet.metadata
124	2026-06-13T23:08:18.1936307450	data/ner_hf/.cache/huggingface/download/data/train.parquet.metadata
125	2026-06-13T23:08:14.9151455520	data/ner_hf/.cache/huggingface/download/data/validation.parquet.metadata
2504	2026-06-13T23:08:11.4992817470	data/ner_hf/.gitattributes
952	2026-06-13T23:08:11.4291426000	data/ner_hf/README.md
21026070	2026-06-13T23:08:15.1389861070	data/ner_hf/data/test.parquet
124603985	2026-06-13T23:08:18.1550743190	data/ner_hf/data/train.parquet
29275651	2026-06-13T23:08:14.8652855900	data/ner_hf/data/validation.parquet
342	2026-07-29T14:27:40.4150015810	data/ner_hf_deduplicated/audit.json
30556797	2026-07-29T14:27:39.7160874550	data/ner_hf_deduplicated/test.parquet
239889766	2026-07-29T14:27:36.8825424890	data/ner_hf_deduplicated/train.parquet
29870949	2026-07-29T14:27:38.2989429260	data/ner_hf_deduplicated/validation.parquet
2542	2026-07-29T20:10:32.9219711550	outputs/RuModernBERT-base-ner-deduplicated/checkpoint-10000/config.json
224425328	2026-07-29T20:10:35.2588516930	outputs/RuModernBERT-base-ner-deduplicated/checkpoint-10000/global_step10000/bf16_zero_pp_rank_0_mp_rank_00_optim_states.pt
224425392	2026-07-29T20:10:35.4281566210	outputs/RuModernBERT-base-ner-deduplicated/checkpoint-10000/global_step10000/bf16_zero_pp_rank_1_mp_rank_00_optim_states.pt
224426288	2026-07-29T20:10:34.5714713570	outputs/RuModernBERT-base-ner-deduplicated/checkpoint-10000/global_step10000/bf16_zero_pp_rank_2_mp_rank_00_optim_states.pt
224426224	2026-07-29T20:10:35.5992701510	outputs/RuModernBERT-base-ner-deduplicated/checkpoint-10000/global_step10000/bf16_zero_pp_rank_3_mp_rank_00_optim_states.pt
224426224	2026-07-29T20:10:34.6153634950	outputs/RuModernBERT-base-ner-deduplicated/checkpoint-10000/global_step10000/bf16_zero_pp_rank_4_mp_rank_00_optim_states.pt
224426288	2026-07-29T20:10:35.3917555240	outputs/RuModernBERT-base-ner-deduplicated/checkpoint-10000/global_step10000/bf16_zero_pp_rank_5_mp_rank_00_optim_states.pt
224426288	2026-07-29T20:10:35.4006126830	outputs/RuModernBERT-base-ner-deduplicated/checkpoint-10000/global_step10000/bf16_zero_pp_rank_6_mp_rank_00_optim_states.pt
224426288	2026-07-29T20:10:34.1543706130	outputs/RuModernBERT-base-ner-deduplicated/checkpoint-10000/global_step10000/bf16_zero_pp_rank_7_mp_rank_00_optim_states.pt
299268856	2026-07-29T20:10:34.8098972810	outputs/RuModernBERT-base-ner-deduplicated/checkpoint-10000/global_step10000/mp_rank_00_model_states.pt
16	2026-07-29T20:10:35.2651752550	outputs/RuModernBERT-base-ner-deduplicated/checkpoint-10000/latest
299240934	2026-07-29T20:10:33.6717073990	outputs/RuModernBERT-base-ner-deduplicated/checkpoint-10000/model.safetensors
15984	2026-07-29T20:10:35.6099017230	outputs/RuModernBERT-base-ner-deduplicated/checkpoint-10000/rng_state_0.pth
15984	2026-07-29T20:10:35.6066331830	outputs/RuModernBERT-base-ner-deduplicated/checkpoint-10000/rng_state_1.pth
15984	2026-07-29T20:10:35.6047664700	outputs/RuModernBERT-base-ner-deduplicated/checkpoint-10000/rng_state_2.pth
15984	2026-07-29T20:10:35.6080249210	outputs/RuModernBERT-base-ner-deduplicated/checkpoint-10000/rng_state_3.pth
15984	2026-07-29T20:10:35.6104201490	outputs/RuModernBERT-base-ner-deduplicated/checkpoint-10000/rng_state_4.pth
15984	2026-07-29T20:10:35.6036509110	outputs/RuModernBERT-base-ner-deduplicated/checkpoint-10000/rng_state_5.pth
15984	2026-07-29T20:10:35.6029064070	outputs/RuModernBERT-base-ner-deduplicated/checkpoint-10000/rng_state_6.pth
15984	2026-07-29T20:10:35.6079244220	outputs/RuModernBERT-base-ner-deduplicated/checkpoint-10000/rng_state_7.pth
1064	2026-07-29T20:10:35.6014791710	outputs/RuModernBERT-base-ner-deduplicated/checkpoint-10000/scheduler.pt
837	2026-07-29T20:10:33.6846893100	outputs/RuModernBERT-base-ner-deduplicated/checkpoint-10000/special_tokens_map.json
4753266	2026-07-29T20:10:33.7235147540	outputs/RuModernBERT-base-ner-deduplicated/checkpoint-10000/tokenizer.json
20990	2026-07-29T20:10:33.6827148780	outputs/RuModernBERT-base-ner-deduplicated/checkpoint-10000/tokenizer_config.json
19138	2026-07-29T20:10:35.6136927090	outputs/RuModernBERT-base-ner-deduplicated/checkpoint-10000/trainer_state.json
6840	2026-07-29T20:10:33.7289149050	outputs/RuModernBERT-base-ner-deduplicated/checkpoint-10000/training_args.bin
33270	2026-07-29T20:10:35.2622981610	outputs/RuModernBERT-base-ner-deduplicated/checkpoint-10000/zero_to_fp32.py
2542	2026-07-29T20:32:04.7680131980	outputs/RuModernBERT-base-ner-deduplicated/checkpoint-15000/config.json
224425328	2026-07-29T20:32:07.4189638290	outputs/RuModernBERT-base-ner-deduplicated/checkpoint-15000/global_step15000/bf16_zero_pp_rank_0_mp_rank_00_optim_states.pt
224425392	2026-07-29T20:32:06.3263479740	outputs/RuModernBERT-base-ner-deduplicated/checkpoint-15000/global_step15000/bf16_zero_pp_rank_1_mp_rank_00_optim_states.pt
224426288	2026-07-29T20:32:06.7860766080	outputs/RuModernBERT-base-ner-deduplicated/checkpoint-15000/global_step15000/bf16_zero_pp_rank_2_mp_rank_00_optim_states.pt
224426224	2026-07-29T20:32:06.3243006930	outputs/RuModernBERT-base-ner-deduplicated/checkpoint-15000/global_step15000/bf16_zero_pp_rank_3_mp_rank_00_optim_states.pt
224426224	2026-07-29T20:32:07.4225673170	outputs/RuModernBERT-base-ner-deduplicated/checkpoint-15000/global_step15000/bf16_zero_pp_rank_4_mp_rank_00_optim_states.pt
224426288	2026-07-29T20:32:05.8805957930	outputs/RuModernBERT-base-ner-deduplicated/checkpoint-15000/global_step15000/bf16_zero_pp_rank_5_mp_rank_00_optim_states.pt
224426288	2026-07-29T20:32:06.2707839790	outputs/RuModernBERT-base-ner-deduplicated/checkpoint-15000/global_step15000/bf16_zero_pp_rank_6_mp_rank_00_optim_states.pt
224426288	2026-07-29T20:32:07.0197135560	outputs/RuModernBERT-base-ner-deduplicated/checkpoint-15000/global_step15000/bf16_zero_pp_rank_7_mp_rank_00_optim_states.pt
299268856	2026-07-29T20:32:06.0291073240	outputs/RuModernBERT-base-ner-deduplicated/checkpoint-15000/global_step15000/mp_rank_00_model_states.pt
16	2026-07-29T20:32:07.4315992450	outputs/RuModernBERT-base-ner-deduplicated/checkpoint-15000/latest
299240934	2026-07-29T20:32:05.1852155690	outputs/RuModernBERT-base-ner-deduplicated/checkpoint-15000/model.safetensors
15984	2026-07-29T20:32:07.4424998760	outputs/RuModernBERT-base-ner-deduplicated/checkpoint-15000/rng_state_0.pth
15984	2026-07-29T20:32:07.4406370830	outputs/RuModernBERT-base-ner-deduplicated/checkpoint-15000/rng_state_1.pth
15984	2026-07-29T20:32:07.4355803290	outputs/RuModernBERT-base-ner-deduplicated/checkpoint-15000/rng_state_2.pth
15984	2026-07-29T20:32:07.4419165310	outputs/RuModernBERT-base-ner-deduplicated/checkpoint-15000/rng_state_3.pth
15984	2026-07-29T20:32:07.4395142230	outputs/RuModernBERT-base-ner-deduplicated/checkpoint-15000/rng_state_4.pth
15984	2026-07-29T20:32:07.4372106940	outputs/RuModernBERT-base-ner-deduplicated/checkpoint-15000/rng_state_5.pth
15984	2026-07-29T20:32:07.4432807980	outputs/RuModernBERT-base-ner-deduplicated/checkpoint-15000/rng_state_6.pth
15984	2026-07-29T20:32:07.4364183510	outputs/RuModernBERT-base-ner-deduplicated/checkpoint-15000/rng_state_7.pth
1064	2026-07-29T20:32:07.4340700120	outputs/RuModernBERT-base-ner-deduplicated/checkpoint-15000/scheduler.pt
837	2026-07-29T20:32:05.2005535600	outputs/RuModernBERT-base-ner-deduplicated/checkpoint-15000/special_tokens_map.json
4753266	2026-07-29T20:32:05.2418826840	outputs/RuModernBERT-base-ner-deduplicated/checkpoint-15000/tokenizer.json
20990	2026-07-29T20:32:05.1984203890	outputs/RuModernBERT-base-ner-deduplicated/checkpoint-15000/tokenizer_config.json
28373	2026-07-29T20:32:07.4468977660	outputs/RuModernBERT-base-ner-deduplicated/checkpoint-15000/trainer_state.json
6840	2026-07-29T20:32:05.2471261270	outputs/RuModernBERT-base-ner-deduplicated/checkpoint-15000/training_args.bin
33270	2026-07-29T20:32:07.4282115950	outputs/RuModernBERT-base-ner-deduplicated/checkpoint-15000/zero_to_fp32.py
2542	2026-07-29T20:53:36.9306351790	outputs/RuModernBERT-base-ner-deduplicated/checkpoint-20000/config.json
224425328	2026-07-29T20:53:39.1304546040	outputs/RuModernBERT-base-ner-deduplicated/checkpoint-20000/global_step20000/bf16_zero_pp_rank_0_mp_rank_00_optim_states.pt
224425392	2026-07-29T20:53:38.4098987940	outputs/RuModernBERT-base-ner-deduplicated/checkpoint-20000/global_step20000/bf16_zero_pp_rank_1_mp_rank_00_optim_states.pt
224426288	2026-07-29T20:53:38.2205784290	outputs/RuModernBERT-base-ner-deduplicated/checkpoint-20000/global_step20000/bf16_zero_pp_rank_2_mp_rank_00_optim_states.pt
224426224	2026-07-29T20:53:38.9133332640	outputs/RuModernBERT-base-ner-deduplicated/checkpoint-20000/global_step20000/bf16_zero_pp_rank_3_mp_rank_00_optim_states.pt
224426224	2026-07-29T20:53:39.1475279190	outputs/RuModernBERT-base-ner-deduplicated/checkpoint-20000/global_step20000/bf16_zero_pp_rank_4_mp_rank_00_optim_states.pt
224426288	2026-07-29T20:53:38.3649746630	outputs/RuModernBERT-base-ner-deduplicated/checkpoint-20000/global_step20000/bf16_zero_pp_rank_5_mp_rank_00_optim_states.pt
224426288	2026-07-29T20:53:38.8327284090	outputs/RuModernBERT-base-ner-deduplicated/checkpoint-20000/global_step20000/bf16_zero_pp_rank_6_mp_rank_00_optim_states.pt
224426288	2026-07-29T20:53:38.7030411710	outputs/RuModernBERT-base-ner-deduplicated/checkpoint-20000/global_step20000/bf16_zero_pp_rank_7_mp_rank_00_optim_states.pt
299268856	2026-07-29T20:53:38.0503651210	outputs/RuModernBERT-base-ner-deduplicated/checkpoint-20000/global_step20000/mp_rank_00_model_states.pt
16	2026-07-29T20:53:39.1492173930	outputs/RuModernBERT-base-ner-deduplicated/checkpoint-20000/latest
299240934	2026-07-29T20:53:37.3102439990	outputs/RuModernBERT-base-ner-deduplicated/checkpoint-20000/model.safetensors
15984	2026-07-29T20:53:39.1607979980	outputs/RuModernBERT-base-ner-deduplicated/checkpoint-20000/rng_state_0.pth
15984	2026-07-29T20:53:39.1602158730	outputs/RuModernBERT-base-ner-deduplicated/checkpoint-20000/rng_state_1.pth
15984	2026-07-29T20:53:39.1534522050	outputs/RuModernBERT-base-ner-deduplicated/checkpoint-20000/rng_state_2.pth
15984	2026-07-29T20:53:39.1573460990	outputs/RuModernBERT-base-ner-deduplicated/checkpoint-20000/rng_state_3.pth
15984	2026-07-29T20:53:39.1589939040	outputs/RuModernBERT-base-ner-deduplicated/checkpoint-20000/rng_state_4.pth
15984	2026-07-29T20:53:39.1542500070	outputs/RuModernBERT-base-ner-deduplicated/checkpoint-20000/rng_state_5.pth
15984	2026-07-29T20:53:39.1611892540	outputs/RuModernBERT-base-ner-deduplicated/checkpoint-20000/rng_state_6.pth
15984	2026-07-29T20:53:39.1551509690	outputs/RuModernBERT-base-ner-deduplicated/checkpoint-20000/rng_state_7.pth
1064	2026-07-29T20:53:39.1516045510	outputs/RuModernBERT-base-ner-deduplicated/checkpoint-20000/scheduler.pt
837	2026-07-29T20:53:37.3249461450	outputs/RuModernBERT-base-ner-deduplicated/checkpoint-20000/special_tokens_map.json
4753266	2026-07-29T20:53:37.3613383630	outputs/RuModernBERT-base-ner-deduplicated/checkpoint-20000/tokenizer.json
20990	2026-07-29T20:53:37.3221560100	outputs/RuModernBERT-base-ner-deduplicated/checkpoint-20000/tokenizer_config.json
37465	2026-07-29T20:53:39.1668781330	outputs/RuModernBERT-base-ner-deduplicated/checkpoint-20000/trainer_state.json
6840	2026-07-29T20:53:37.3644844840	outputs/RuModernBERT-base-ner-deduplicated/checkpoint-20000/training_args.bin
33270	2026-07-29T20:53:39.1454950070	outputs/RuModernBERT-base-ner-deduplicated/checkpoint-20000/zero_to_fp32.py
2542	2026-07-29T21:09:27.2128068410	outputs/RuModernBERT-base-ner-deduplicated/checkpoint-24615/config.json
224425328	2026-07-29T21:09:29.5091192210	outputs/RuModernBERT-base-ner-deduplicated/checkpoint-24615/global_step24615/bf16_zero_pp_rank_0_mp_rank_00_optim_states.pt
224425392	2026-07-29T21:09:29.0830902290	outputs/RuModernBERT-base-ner-deduplicated/checkpoint-24615/global_step24615/bf16_zero_pp_rank_1_mp_rank_00_optim_states.pt
224426288	2026-07-29T21:09:28.7878088160	outputs/RuModernBERT-base-ner-deduplicated/checkpoint-24615/global_step24615/bf16_zero_pp_rank_2_mp_rank_00_optim_states.pt
224426224	2026-07-29T21:09:29.5227764270	outputs/RuModernBERT-base-ner-deduplicated/checkpoint-24615/global_step24615/bf16_zero_pp_rank_3_mp_rank_00_optim_states.pt
224426224	2026-07-29T21:09:29.1277591560	outputs/RuModernBERT-base-ner-deduplicated/checkpoint-24615/global_step24615/bf16_zero_pp_rank_4_mp_rank_00_optim_states.pt
224426288	2026-07-29T21:09:29.1278880540	outputs/RuModernBERT-base-ner-deduplicated/checkpoint-24615/global_step24615/bf16_zero_pp_rank_5_mp_rank_00_optim_states.pt
224426288	2026-07-29T21:09:29.4643213660	outputs/RuModernBERT-base-ner-deduplicated/checkpoint-24615/global_step24615/bf16_zero_pp_rank_6_mp_rank_00_optim_states.pt
224426288	2026-07-29T21:09:28.5393069200	outputs/RuModernBERT-base-ner-deduplicated/checkpoint-24615/global_step24615/bf16_zero_pp_rank_7_mp_rank_00_optim_states.pt
299268856	2026-07-29T21:09:28.7900514550	outputs/RuModernBERT-base-ner-deduplicated/checkpoint-24615/global_step24615/mp_rank_00_model_states.pt
16	2026-07-29T21:09:29.5175731450	outputs/RuModernBERT-base-ner-deduplicated/checkpoint-24615/latest
299240934	2026-07-29T21:09:27.9168681120	outputs/RuModernBERT-base-ner-deduplicated/checkpoint-24615/model.safetensors
15984	2026-07-29T21:09:29.5344307520	outputs/RuModernBERT-base-ner-deduplicated/checkpoint-24615/rng_state_0.pth
15984	2026-07-29T21:09:29.5312571010	outputs/RuModernBERT-base-ner-deduplicated/checkpoint-24615/rng_state_1.pth
15984	2026-07-29T21:09:29.5270367290	outputs/RuModernBERT-base-ner-deduplicated/checkpoint-24615/rng_state_2.pth
15984	2026-07-29T21:09:29.5346726100	outputs/RuModernBERT-base-ner-deduplicated/checkpoint-24615/rng_state_3.pth
15984	2026-07-29T21:09:29.5325884090	outputs/RuModernBERT-base-ner-deduplicated/checkpoint-24615/rng_state_4.pth
15984	2026-07-29T21:09:29.5277873320	outputs/RuModernBERT-base-ner-deduplicated/checkpoint-24615/rng_state_5.pth
15984	2026-07-29T21:09:29.5333419920	outputs/RuModernBERT-base-ner-deduplicated/checkpoint-24615/rng_state_6.pth
15984	2026-07-29T21:09:29.5290166410	outputs/RuModernBERT-base-ner-deduplicated/checkpoint-24615/rng_state_7.pth
1064	2026-07-29T21:09:29.5254342130	outputs/RuModernBERT-base-ner-deduplicated/checkpoint-24615/scheduler.pt
837	2026-07-29T21:09:27.9295192080	outputs/RuModernBERT-base-ner-deduplicated/checkpoint-24615/special_tokens_map.json
4753266	2026-07-29T21:09:27.9598461840	outputs/RuModernBERT-base-ner-deduplicated/checkpoint-24615/tokenizer.json
20990	2026-07-29T21:09:27.9279228920	outputs/RuModernBERT-base-ner-deduplicated/checkpoint-24615/tokenizer_config.json
45519	2026-07-29T21:09:29.5403699790	outputs/RuModernBERT-base-ner-deduplicated/checkpoint-24615/trainer_state.json
6840	2026-07-29T21:09:27.9628227570	outputs/RuModernBERT-base-ner-deduplicated/checkpoint-24615/training_args.bin
33270	2026-07-29T21:09:29.5141291660	outputs/RuModernBERT-base-ner-deduplicated/checkpoint-24615/zero_to_fp32.py
2542	2026-07-29T19:48:59.8115132640	outputs/RuModernBERT-base-ner-deduplicated/checkpoint-5000/config.json
224425328	2026-07-29T19:49:01.9564398420	outputs/RuModernBERT-base-ner-deduplicated/checkpoint-5000/global_step5000/bf16_zero_pp_rank_0_mp_rank_00_optim_states.pt
224425392	2026-07-29T19:49:01.4129947290	outputs/RuModernBERT-base-ner-deduplicated/checkpoint-5000/global_step5000/bf16_zero_pp_rank_1_mp_rank_00_optim_states.pt
224426288	2026-07-29T19:49:01.1113208870	outputs/RuModernBERT-base-ner-deduplicated/checkpoint-5000/global_step5000/bf16_zero_pp_rank_2_mp_rank_00_optim_states.pt
224426224	2026-07-29T19:49:01.6639354060	outputs/RuModernBERT-base-ner-deduplicated/checkpoint-5000/global_step5000/bf16_zero_pp_rank_3_mp_rank_00_optim_states.pt
224426224	2026-07-29T19:49:01.5525661380	outputs/RuModernBERT-base-ner-deduplicated/checkpoint-5000/global_step5000/bf16_zero_pp_rank_4_mp_rank_00_optim_states.pt
224426288	2026-07-29T19:49:01.2064180740	outputs/RuModernBERT-base-ner-deduplicated/checkpoint-5000/global_step5000/bf16_zero_pp_rank_5_mp_rank_00_optim_states.pt
224426288	2026-07-29T19:49:01.2605843670	outputs/RuModernBERT-base-ner-deduplicated/checkpoint-5000/global_step5000/bf16_zero_pp_rank_6_mp_rank_00_optim_states.pt
224426288	2026-07-29T19:49:01.2578078930	outputs/RuModernBERT-base-ner-deduplicated/checkpoint-5000/global_step5000/bf16_zero_pp_rank_7_mp_rank_00_optim_states.pt
299268856	2026-07-29T19:49:01.1195743710	outputs/RuModernBERT-base-ner-deduplicated/checkpoint-5000/global_step5000/mp_rank_00_model_states.pt
15	2026-07-29T19:49:01.9646051270	outputs/RuModernBERT-base-ner-deduplicated/checkpoint-5000/latest
299240934	2026-07-29T19:49:00.2178085860	outputs/RuModernBERT-base-ner-deduplicated/checkpoint-5000/model.safetensors
15984	2026-07-29T19:49:01.9771416620	outputs/RuModernBERT-base-ner-deduplicated/checkpoint-5000/rng_state_0.pth
15984	2026-07-29T19:49:01.9754225570	outputs/RuModernBERT-base-ner-deduplicated/checkpoint-5000/rng_state_1.pth
15984	2026-07-29T19:49:01.9687084100	outputs/RuModernBERT-base-ner-deduplicated/checkpoint-5000/rng_state_2.pth
15984	2026-07-29T19:49:01.9743412470	outputs/RuModernBERT-base-ner-deduplicated/checkpoint-5000/rng_state_3.pth
15984	2026-07-29T19:49:01.9767523250	outputs/RuModernBERT-base-ner-deduplicated/checkpoint-5000/rng_state_4.pth
15984	2026-07-29T19:49:01.9709198890	outputs/RuModernBERT-base-ner-deduplicated/checkpoint-5000/rng_state_5.pth
15984	2026-07-29T19:49:01.9697430500	outputs/RuModernBERT-base-ner-deduplicated/checkpoint-5000/rng_state_6.pth
15984	2026-07-29T19:49:01.9720787090	outputs/RuModernBERT-base-ner-deduplicated/checkpoint-5000/rng_state_7.pth
1064	2026-07-29T19:49:01.9668263670	outputs/RuModernBERT-base-ner-deduplicated/checkpoint-5000/scheduler.pt
837	2026-07-29T19:49:00.2300617130	outputs/RuModernBERT-base-ner-deduplicated/checkpoint-5000/special_tokens_map.json
4753266	2026-07-29T19:49:00.2711953560	outputs/RuModernBERT-base-ner-deduplicated/checkpoint-5000/tokenizer.json
20990	2026-07-29T19:49:00.2281654010	outputs/RuModernBERT-base-ner-deduplicated/checkpoint-5000/tokenizer_config.json
9965	2026-07-29T19:49:01.9800406250	outputs/RuModernBERT-base-ner-deduplicated/checkpoint-5000/trainer_state.json
6840	2026-07-29T19:49:00.2770231530	outputs/RuModernBERT-base-ner-deduplicated/checkpoint-5000/training_args.bin
33270	2026-07-29T19:49:01.9609241310	outputs/RuModernBERT-base-ner-deduplicated/checkpoint-5000/zero_to_fp32.py
2542	2026-07-29T21:09:29.6766950380	outputs/RuModernBERT-base-ner-deduplicated/config.json
299240934	2026-07-29T21:09:30.0952987570	outputs/RuModernBERT-base-ner-deduplicated/model.safetensors
519	2026-07-29T21:09:30.2166516810	outputs/RuModernBERT-base-ner-deduplicated/ner_label_map.json
61272	2026-07-29T21:09:29.5509443830	outputs/RuModernBERT-base-ner-deduplicated/runs/Jul29_19-15-09_t2n1/events.out.tfevents.1785342438.t2n1.134231.0
516	2026-07-29T21:11:19.2589092850	outputs/RuModernBERT-base-ner-deduplicated/runs/Jul29_19-15-09_t2n1/events.out.tfevents.1785348679.t2n1.134231.1
837	2026-07-29T21:09:30.1534002520	outputs/RuModernBERT-base-ner-deduplicated/special_tokens_map.json
263	2026-07-29T21:14:05.7845232930	outputs/RuModernBERT-base-ner-deduplicated/test_metrics.json
4753266	2026-07-29T21:09:30.2124561780	outputs/RuModernBERT-base-ner-deduplicated/tokenizer.json
20990	2026-07-29T21:09:30.1517679670	outputs/RuModernBERT-base-ner-deduplicated/tokenizer_config.json
6840	2026-07-29T21:09:30.1487966940	outputs/RuModernBERT-base-ner-deduplicated/training_args.bin
2803	2026-06-14T16:24:53.4315544380	outputs/RuModernBERT-legal-inference/README.md
2153	2026-06-14T16:24:53.4096453500	outputs/RuModernBERT-legal-inference/config.json
159328	2026-06-14T16:24:53.4219171240	outputs/RuModernBERT-legal-inference/legal_heads_config.json
305078276	2026-06-14T16:24:53.1599996120	outputs/RuModernBERT-legal-inference/model.safetensors
837	2026-06-14T16:24:53.3287041180	outputs/RuModernBERT-legal-inference/special_tokens_map.json
4752657	2026-06-14T16:24:53.3899303910	outputs/RuModernBERT-legal-inference/tokenizer.json
19940	2026-06-14T16:24:53.3237897510	outputs/RuModernBERT-legal-inference/tokenizer_config.json
2153	2026-06-09T12:04:11.0718959150	outputs/RuModernBERT-legal-mlm-20e/checkpoint-1000/config.json
224488752	2026-06-09T12:04:14.6719395680	outputs/RuModernBERT-legal-mlm-20e/checkpoint-1000/global_step1000/bf16_zero_pp_rank_0_mp_rank_00_optim_states.pt
224488816	2026-06-09T12:04:13.7889104080	outputs/RuModernBERT-legal-mlm-20e/checkpoint-1000/global_step1000/bf16_zero_pp_rank_1_mp_rank_00_optim_states.pt
224489776	2026-06-09T12:04:13.5216317260	outputs/RuModernBERT-legal-mlm-20e/checkpoint-1000/global_step1000/bf16_zero_pp_rank_2_mp_rank_00_optim_states.pt
224489136	2026-06-09T12:04:13.9696637840	outputs/RuModernBERT-legal-mlm-20e/checkpoint-1000/global_step1000/bf16_zero_pp_rank_3_mp_rank_00_optim_states.pt
224488880	2026-06-09T12:04:13.0577071600	outputs/RuModernBERT-legal-mlm-20e/checkpoint-1000/global_step1000/bf16_zero_pp_rank_4_mp_rank_00_optim_states.pt
224488944	2026-06-09T12:04:13.9751853420	outputs/RuModernBERT-legal-mlm-20e/checkpoint-1000/global_step1000/bf16_zero_pp_rank_5_mp_rank_00_optim_states.pt
224488944	2026-06-09T12:04:14.2099407530	outputs/RuModernBERT-legal-mlm-20e/checkpoint-1000/global_step1000/bf16_zero_pp_rank_6_mp_rank_00_optim_states.pt
224488880	2026-06-09T12:04:13.0788805580	outputs/RuModernBERT-legal-mlm-20e/checkpoint-1000/global_step1000/bf16_zero_pp_rank_7_mp_rank_00_optim_states.pt
299352760	2026-06-09T12:04:14.0401092520	outputs/RuModernBERT-legal-mlm-20e/checkpoint-1000/global_step1000/mp_rank_00_model_states.pt
15	2026-06-09T12:04:14.6802263690	outputs/RuModernBERT-legal-mlm-20e/checkpoint-1000/latest
376690048	2026-06-09T12:04:12.1654023480	outputs/RuModernBERT-legal-mlm-20e/checkpoint-1000/model.safetensors
15984	2026-06-09T12:04:14.7088752160	outputs/RuModernBERT-legal-mlm-20e/checkpoint-1000/rng_state_0.pth
15984	2026-06-09T12:04:14.6933567340	outputs/RuModernBERT-legal-mlm-20e/checkpoint-1000/rng_state_1.pth
15984	2026-06-09T12:04:14.6910841750	outputs/RuModernBERT-legal-mlm-20e/checkpoint-1000/rng_state_2.pth
15984	2026-06-09T12:04:14.6850497830	outputs/RuModernBERT-legal-mlm-20e/checkpoint-1000/rng_state_3.pth
15984	2026-06-09T12:04:14.6863967900	outputs/RuModernBERT-legal-mlm-20e/checkpoint-1000/rng_state_4.pth
15984	2026-06-09T12:04:14.6893019020	outputs/RuModernBERT-legal-mlm-20e/checkpoint-1000/rng_state_5.pth
15984	2026-06-09T12:04:14.6920741860	outputs/RuModernBERT-legal-mlm-20e/checkpoint-1000/rng_state_6.pth
15984	2026-06-09T12:04:14.6879613750	outputs/RuModernBERT-legal-mlm-20e/checkpoint-1000/rng_state_7.pth
1064	2026-06-09T12:04:14.6829290230	outputs/RuModernBERT-legal-mlm-20e/checkpoint-1000/scheduler.pt
837	2026-06-09T12:04:12.1969974270	outputs/RuModernBERT-legal-mlm-20e/checkpoint-1000/special_tokens_map.json
4752657	2026-06-09T12:04:12.2849362280	outputs/RuModernBERT-legal-mlm-20e/checkpoint-1000/tokenizer.json
19940	2026-06-09T12:04:12.1949263170	outputs/RuModernBERT-legal-mlm-20e/checkpoint-1000/tokenizer_config.json
3042	2026-06-09T12:04:14.7122992830	outputs/RuModernBERT-legal-mlm-20e/checkpoint-1000/trainer_state.json
6840	2026-06-09T12:04:12.2919535920	outputs/RuModernBERT-legal-mlm-20e/checkpoint-1000/training_args.bin
33270	2026-06-09T12:04:14.6763333160	outputs/RuModernBERT-legal-mlm-20e/checkpoint-1000/zero_to_fp32.py
2153	2026-06-09T13:25:18.2368982110	outputs/RuModernBERT-legal-mlm-20e/checkpoint-10000/config.json
224488752	2026-06-09T13:25:20.9988744630	outputs/RuModernBERT-legal-mlm-20e/checkpoint-10000/global_step10000/bf16_zero_pp_rank_0_mp_rank_00_optim_states.pt
224488816	2026-06-09T13:25:19.9333303650	outputs/RuModernBERT-legal-mlm-20e/checkpoint-10000/global_step10000/bf16_zero_pp_rank_1_mp_rank_00_optim_states.pt
224489776	2026-06-09T13:25:20.4813208810	outputs/RuModernBERT-legal-mlm-20e/checkpoint-10000/global_step10000/bf16_zero_pp_rank_2_mp_rank_00_optim_states.pt
224489136	2026-06-09T13:25:20.3169064780	outputs/RuModernBERT-legal-mlm-20e/checkpoint-10000/global_step10000/bf16_zero_pp_rank_3_mp_rank_00_optim_states.pt
224488880	2026-06-09T13:25:20.6458367740	outputs/RuModernBERT-legal-mlm-20e/checkpoint-10000/global_step10000/bf16_zero_pp_rank_4_mp_rank_00_optim_states.pt
224488944	2026-06-09T13:25:20.1271303920	outputs/RuModernBERT-legal-mlm-20e/checkpoint-10000/global_step10000/bf16_zero_pp_rank_5_mp_rank_00_optim_states.pt
224488944	2026-06-09T13:25:20.0966727990	outputs/RuModernBERT-legal-mlm-20e/checkpoint-10000/global_step10000/bf16_zero_pp_rank_6_mp_rank_00_optim_states.pt
224488880	2026-06-09T13:25:20.0512785160	outputs/RuModernBERT-legal-mlm-20e/checkpoint-10000/global_step10000/bf16_zero_pp_rank_7_mp_rank_00_optim_states.pt
299352760	2026-06-09T13:25:20.1960522940	outputs/RuModernBERT-legal-mlm-20e/checkpoint-10000/global_step10000/mp_rank_00_model_states.pt
16	2026-06-09T13:25:21.0079663280	outputs/RuModernBERT-legal-mlm-20e/checkpoint-10000/latest
376690048	2026-06-09T13:25:19.1644384470	outputs/RuModernBERT-legal-mlm-20e/checkpoint-10000/model.safetensors
15984	2026-06-09T13:25:21.0320127720	outputs/RuModernBERT-legal-mlm-20e/checkpoint-10000/rng_state_0.pth
15984	2026-06-09T13:25:21.0138374730	outputs/RuModernBERT-legal-mlm-20e/checkpoint-10000/rng_state_1.pth
15984	2026-06-09T13:25:21.0321534800	outputs/RuModernBERT-legal-mlm-20e/checkpoint-10000/rng_state_2.pth
15984	2026-06-09T13:25:21.0313498480	outputs/RuModernBERT-legal-mlm-20e/checkpoint-10000/rng_state_3.pth
15984	2026-06-09T13:25:21.0177593950	outputs/RuModernBERT-legal-mlm-20e/checkpoint-10000/rng_state_4.pth
15984	2026-06-09T13:25:21.0147850240	outputs/RuModernBERT-legal-mlm-20e/checkpoint-10000/rng_state_5.pth
15984	2026-06-09T13:25:21.0123083470	outputs/RuModernBERT-legal-mlm-20e/checkpoint-10000/rng_state_6.pth
15984	2026-06-09T13:25:21.0156857950	outputs/RuModernBERT-legal-mlm-20e/checkpoint-10000/rng_state_7.pth
1064	2026-06-09T13:25:21.0106049030	outputs/RuModernBERT-legal-mlm-20e/checkpoint-10000/scheduler.pt
837	2026-06-09T13:25:19.1793313060	outputs/RuModernBERT-legal-mlm-20e/checkpoint-10000/special_tokens_map.json
4752657	2026-06-09T13:25:19.2213317620	outputs/RuModernBERT-legal-mlm-20e/checkpoint-10000/tokenizer.json
19940	2026-06-09T13:25:19.1777166620	outputs/RuModernBERT-legal-mlm-20e/checkpoint-10000/tokenizer_config.json
18761	2026-06-09T13:25:21.0362228820	outputs/RuModernBERT-legal-mlm-20e/checkpoint-10000/trainer_state.json
6840	2026-06-09T13:25:19.2261756060	outputs/RuModernBERT-legal-mlm-20e/checkpoint-10000/training_args.bin
33270	2026-06-09T13:25:21.0034640900	outputs/RuModernBERT-legal-mlm-20e/checkpoint-10000/zero_to_fp32.py
2153	2026-06-10T00:46:40.5899146160	outputs/RuModernBERT-legal-mlm-20e/checkpoint-100000/config.json
224488752	2026-06-10T00:46:43.5723363160	outputs/RuModernBERT-legal-mlm-20e/checkpoint-100000/global_step100000/bf16_zero_pp_rank_0_mp_rank_00_optim_states.pt
224488816	2026-06-10T00:46:42.7440897870	outputs/RuModernBERT-legal-mlm-20e/checkpoint-100000/global_step100000/bf16_zero_pp_rank_1_mp_rank_00_optim_states.pt
224489776	2026-06-10T00:46:42.5285604110	outputs/RuModernBERT-legal-mlm-20e/checkpoint-100000/global_step100000/bf16_zero_pp_rank_2_mp_rank_00_optim_states.pt
224489136	2026-06-10T00:46:42.7507979150	outputs/RuModernBERT-legal-mlm-20e/checkpoint-100000/global_step100000/bf16_zero_pp_rank_3_mp_rank_00_optim_states.pt
224488880	2026-06-10T00:46:43.1515650980	outputs/RuModernBERT-legal-mlm-20e/checkpoint-100000/global_step100000/bf16_zero_pp_rank_4_mp_rank_00_optim_states.pt
224488944	2026-06-10T00:46:42.7893928760	outputs/RuModernBERT-legal-mlm-20e/checkpoint-100000/global_step100000/bf16_zero_pp_rank_5_mp_rank_00_optim_states.pt
224488944	2026-06-10T00:46:42.2263855600	outputs/RuModernBERT-legal-mlm-20e/checkpoint-100000/global_step100000/bf16_zero_pp_rank_6_mp_rank_00_optim_states.pt
224488880	2026-06-10T00:46:42.7363234790	outputs/RuModernBERT-legal-mlm-20e/checkpoint-100000/global_step100000/bf16_zero_pp_rank_7_mp_rank_00_optim_states.pt
299352760	2026-06-10T00:46:42.9220504620	outputs/RuModernBERT-legal-mlm-20e/checkpoint-100000/global_step100000/mp_rank_00_model_states.pt
17	2026-06-10T00:46:43.5816345700	outputs/RuModernBERT-legal-mlm-20e/checkpoint-100000/latest
376690048	2026-06-10T00:46:41.5737616080	outputs/RuModernBERT-legal-mlm-20e/checkpoint-100000/model.safetensors
15984	2026-06-10T00:46:43.5938709060	outputs/RuModernBERT-legal-mlm-20e/checkpoint-100000/rng_state_0.pth
15984	2026-06-10T00:46:43.5859111900	outputs/RuModernBERT-legal-mlm-20e/checkpoint-100000/rng_state_1.pth
15984	2026-06-10T00:46:43.5917375360	outputs/RuModernBERT-legal-mlm-20e/checkpoint-100000/rng_state_2.pth
15984	2026-06-10T00:46:43.5930465240	outputs/RuModernBERT-legal-mlm-20e/checkpoint-100000/rng_state_3.pth
15984	2026-06-10T00:46:43.5906026360	outputs/RuModernBERT-legal-mlm-20e/checkpoint-100000/rng_state_4.pth
15984	2026-06-10T00:46:43.5941980230	outputs/RuModernBERT-legal-mlm-20e/checkpoint-100000/rng_state_5.pth
15984	2026-06-10T00:46:43.5872872470	outputs/RuModernBERT-legal-mlm-20e/checkpoint-100000/rng_state_6.pth
15984	2026-06-10T00:46:43.5885401750	outputs/RuModernBERT-legal-mlm-20e/checkpoint-100000/rng_state_7.pth
1064	2026-06-10T00:46:43.5836978510	outputs/RuModernBERT-legal-mlm-20e/checkpoint-100000/scheduler.pt
837	2026-06-10T00:46:41.5889648270	outputs/RuModernBERT-legal-mlm-20e/checkpoint-100000/special_tokens_map.json
4752657	2026-06-10T00:46:41.6206078630	outputs/RuModernBERT-legal-mlm-20e/checkpoint-100000/tokenizer.json
19940	2026-06-10T00:46:41.5871134940	outputs/RuModernBERT-legal-mlm-20e/checkpoint-100000/tokenizer_config.json
177926	2026-06-10T00:46:43.6177559540	outputs/RuModernBERT-legal-mlm-20e/checkpoint-100000/trainer_state.json
6840	2026-06-10T00:46:41.6234745360	outputs/RuModernBERT-legal-mlm-20e/checkpoint-100000/training_args.bin
33270	2026-06-10T00:46:43.5776499070	outputs/RuModernBERT-legal-mlm-20e/checkpoint-100000/zero_to_fp32.py
2153	2026-06-10T02:02:43.7794862200	outputs/RuModernBERT-legal-mlm-20e/checkpoint-110000/config.json
224488752	2026-06-10T02:02:46.2195886890	outputs/RuModernBERT-legal-mlm-20e/checkpoint-110000/global_step110000/bf16_zero_pp_rank_0_mp_rank_00_optim_states.pt
224488816	2026-06-10T02:02:45.3159181490	outputs/RuModernBERT-legal-mlm-20e/checkpoint-110000/global_step110000/bf16_zero_pp_rank_1_mp_rank_00_optim_states.pt
224489776	2026-06-10T02:02:45.4373721880	outputs/RuModernBERT-legal-mlm-20e/checkpoint-110000/global_step110000/bf16_zero_pp_rank_2_mp_rank_00_optim_states.pt
224489136	2026-06-10T02:02:45.4649696030	outputs/RuModernBERT-legal-mlm-20e/checkpoint-110000/global_step110000/bf16_zero_pp_rank_3_mp_rank_00_optim_states.pt
224488880	2026-06-10T02:02:45.8024136890	outputs/RuModernBERT-legal-mlm-20e/checkpoint-110000/global_step110000/bf16_zero_pp_rank_4_mp_rank_00_optim_states.pt
224488944	2026-06-10T02:02:45.2175024970	outputs/RuModernBERT-legal-mlm-20e/checkpoint-110000/global_step110000/bf16_zero_pp_rank_5_mp_rank_00_optim_states.pt
224488944	2026-06-10T02:02:45.1412514010	outputs/RuModernBERT-legal-mlm-20e/checkpoint-110000/global_step110000/bf16_zero_pp_rank_6_mp_rank_00_optim_states.pt
224488880	2026-06-10T02:02:45.3790699660	outputs/RuModernBERT-legal-mlm-20e/checkpoint-110000/global_step110000/bf16_zero_pp_rank_7_mp_rank_00_optim_states.pt
299352760	2026-06-10T02:02:45.4944714510	outputs/RuModernBERT-legal-mlm-20e/checkpoint-110000/global_step110000/mp_rank_00_model_states.pt
17	2026-06-10T02:02:46.2288806230	outputs/RuModernBERT-legal-mlm-20e/checkpoint-110000/latest
376690048	2026-06-10T02:02:44.3245270190	outputs/RuModernBERT-legal-mlm-20e/checkpoint-110000/model.safetensors
15984	2026-06-10T02:02:46.2460968540	outputs/RuModernBERT-legal-mlm-20e/checkpoint-110000/rng_state_0.pth
15984	2026-06-10T02:02:46.2333965210	outputs/RuModernBERT-legal-mlm-20e/checkpoint-110000/rng_state_1.pth
15984	2026-06-10T02:02:46.2415852260	outputs/RuModernBERT-legal-mlm-20e/checkpoint-110000/rng_state_2.pth
15984	2026-06-10T02:02:46.2400649300	outputs/RuModernBERT-legal-mlm-20e/checkpoint-110000/rng_state_3.pth
15984	2026-06-10T02:02:46.2385872540	outputs/RuModernBERT-legal-mlm-20e/checkpoint-110000/rng_state_4.pth
15984	2026-06-10T02:02:46.2361252860	outputs/RuModernBERT-legal-mlm-20e/checkpoint-110000/rng_state_5.pth
15984	2026-06-10T02:02:46.2347713680	outputs/RuModernBERT-legal-mlm-20e/checkpoint-110000/rng_state_6.pth
15984	2026-06-10T02:02:46.2455946990	outputs/RuModernBERT-legal-mlm-20e/checkpoint-110000/rng_state_7.pth
1064	2026-06-10T02:02:46.2312137820	outputs/RuModernBERT-legal-mlm-20e/checkpoint-110000/scheduler.pt
837	2026-06-10T02:02:44.3389296960	outputs/RuModernBERT-legal-mlm-20e/checkpoint-110000/special_tokens_map.json
4752657	2026-06-10T02:02:44.3782117740	outputs/RuModernBERT-legal-mlm-20e/checkpoint-110000/tokenizer.json
19940	2026-06-10T02:02:44.3366452770	outputs/RuModernBERT-legal-mlm-20e/checkpoint-110000/tokenizer_config.json
195700	2026-06-10T02:02:46.2738275280	outputs/RuModernBERT-legal-mlm-20e/checkpoint-110000/trainer_state.json
6840	2026-06-10T02:02:44.3835494250	outputs/RuModernBERT-legal-mlm-20e/checkpoint-110000/training_args.bin
33270	2026-06-10T02:02:46.2249045200	outputs/RuModernBERT-legal-mlm-20e/checkpoint-110000/zero_to_fp32.py
2153	2026-06-10T03:18:46.1333442900	outputs/RuModernBERT-legal-mlm-20e/checkpoint-120000/config.json
224488752	2026-06-10T03:18:48.4487265460	outputs/RuModernBERT-legal-mlm-20e/checkpoint-120000/global_step120000/bf16_zero_pp_rank_0_mp_rank_00_optim_states.pt
224488816	2026-06-10T03:18:47.7647691790	outputs/RuModernBERT-legal-mlm-20e/checkpoint-120000/global_step120000/bf16_zero_pp_rank_1_mp_rank_00_optim_states.pt
224489776	2026-06-10T03:18:48.2647148620	outputs/RuModernBERT-legal-mlm-20e/checkpoint-120000/global_step120000/bf16_zero_pp_rank_2_mp_rank_00_optim_states.pt
224489136	2026-06-10T03:18:48.4665322310	outputs/RuModernBERT-legal-mlm-20e/checkpoint-120000/global_step120000/bf16_zero_pp_rank_3_mp_rank_00_optim_states.pt
224488880	2026-06-10T03:18:48.1846991050	outputs/RuModernBERT-legal-mlm-20e/checkpoint-120000/global_step120000/bf16_zero_pp_rank_4_mp_rank_00_optim_states.pt
224488944	2026-06-10T03:18:48.3619982300	outputs/RuModernBERT-legal-mlm-20e/checkpoint-120000/global_step120000/bf16_zero_pp_rank_5_mp_rank_00_optim_states.pt
224488944	2026-06-10T03:18:48.2982967610	outputs/RuModernBERT-legal-mlm-20e/checkpoint-120000/global_step120000/bf16_zero_pp_rank_6_mp_rank_00_optim_states.pt
224488880	2026-06-10T03:18:47.6839130690	outputs/RuModernBERT-legal-mlm-20e/checkpoint-120000/global_step120000/bf16_zero_pp_rank_7_mp_rank_00_optim_states.pt
299352760	2026-06-10T03:18:47.9431173250	outputs/RuModernBERT-legal-mlm-20e/checkpoint-120000/global_step120000/mp_rank_00_model_states.pt
17	2026-06-10T03:18:48.4639344450	outputs/RuModernBERT-legal-mlm-20e/checkpoint-120000/latest
376690048	2026-06-10T03:18:47.0275590060	outputs/RuModernBERT-legal-mlm-20e/checkpoint-120000/model.safetensors
15984	2026-06-10T03:18:48.4785446390	outputs/RuModernBERT-legal-mlm-20e/checkpoint-120000/rng_state_0.pth
15984	2026-06-10T03:18:48.4711772280	outputs/RuModernBERT-legal-mlm-20e/checkpoint-120000/rng_state_1.pth
15984	2026-06-10T03:18:48.4757952050	outputs/RuModernBERT-legal-mlm-20e/checkpoint-120000/rng_state_2.pth
15984	2026-06-10T03:18:48.4785080300	outputs/RuModernBERT-legal-mlm-20e/checkpoint-120000/rng_state_3.pth
15984	2026-06-10T03:18:48.4769937540	outputs/RuModernBERT-legal-mlm-20e/checkpoint-120000/rng_state_4.pth
15984	2026-06-10T03:18:48.4730395310	outputs/RuModernBERT-legal-mlm-20e/checkpoint-120000/rng_state_5.pth
15984	2026-06-10T03:18:48.4720459000	outputs/RuModernBERT-legal-mlm-20e/checkpoint-120000/rng_state_6.pth
15984	2026-06-10T03:18:48.4739245820	outputs/RuModernBERT-legal-mlm-20e/checkpoint-120000/rng_state_7.pth
1064	2026-06-10T03:18:48.4692331260	outputs/RuModernBERT-legal-mlm-20e/checkpoint-120000/scheduler.pt
837	2026-06-10T03:18:47.0430941320	outputs/RuModernBERT-legal-mlm-20e/checkpoint-120000/special_tokens_map.json
4752657	2026-06-10T03:18:47.0749237770	outputs/RuModernBERT-legal-mlm-20e/checkpoint-120000/tokenizer.json
19940	2026-06-10T03:18:47.0410508410	outputs/RuModernBERT-legal-mlm-20e/checkpoint-120000/tokenizer_config.json
213450	2026-06-10T03:18:48.5087702690	outputs/RuModernBERT-legal-mlm-20e/checkpoint-120000/trainer_state.json
6840	2026-06-10T03:18:47.0778176700	outputs/RuModernBERT-legal-mlm-20e/checkpoint-120000/training_args.bin
33270	2026-06-10T03:18:48.4597895530	outputs/RuModernBERT-legal-mlm-20e/checkpoint-120000/zero_to_fp32.py
2153	2026-06-10T04:34:43.3365710130	outputs/RuModernBERT-legal-mlm-20e/checkpoint-130000/config.json
224488752	2026-06-10T04:34:46.0001820610	outputs/RuModernBERT-legal-mlm-20e/checkpoint-130000/global_step130000/bf16_zero_pp_rank_0_mp_rank_00_optim_states.pt
224488816	2026-06-10T04:34:45.3298253680	outputs/RuModernBERT-legal-mlm-20e/checkpoint-130000/global_step130000/bf16_zero_pp_rank_1_mp_rank_00_optim_states.pt
224489776	2026-06-10T04:34:45.3119460050	outputs/RuModernBERT-legal-mlm-20e/checkpoint-130000/global_step130000/bf16_zero_pp_rank_2_mp_rank_00_optim_states.pt
224489136	2026-06-10T04:34:45.3602340960	outputs/RuModernBERT-legal-mlm-20e/checkpoint-130000/global_step130000/bf16_zero_pp_rank_3_mp_rank_00_optim_states.pt
224488880	2026-06-10T04:34:45.5270745560	outputs/RuModernBERT-legal-mlm-20e/checkpoint-130000/global_step130000/bf16_zero_pp_rank_4_mp_rank_00_optim_states.pt
224488944	2026-06-10T04:34:45.1384280260	outputs/RuModernBERT-legal-mlm-20e/checkpoint-130000/global_step130000/bf16_zero_pp_rank_5_mp_rank_00_optim_states.pt
224488944	2026-06-10T04:34:45.0905121510	outputs/RuModernBERT-legal-mlm-20e/checkpoint-130000/global_step130000/bf16_zero_pp_rank_6_mp_rank_00_optim_states.pt
224488880	2026-06-10T04:34:45.1979773730	outputs/RuModernBERT-legal-mlm-20e/checkpoint-130000/global_step130000/bf16_zero_pp_rank_7_mp_rank_00_optim_states.pt
299352760	2026-06-10T04:34:45.4630466110	outputs/RuModernBERT-legal-mlm-20e/checkpoint-130000/global_step130000/mp_rank_00_model_states.pt
17	2026-06-10T04:34:46.0061630660	outputs/RuModernBERT-legal-mlm-20e/checkpoint-130000/latest
376690048	2026-06-10T04:34:44.2652497670	outputs/RuModernBERT-legal-mlm-20e/checkpoint-130000/model.safetensors
15984	2026-06-10T04:34:46.0178094580	outputs/RuModernBERT-legal-mlm-20e/checkpoint-130000/rng_state_0.pth
15984	2026-06-10T04:34:46.0144480590	outputs/RuModernBERT-legal-mlm-20e/checkpoint-130000/rng_state_1.pth
15984	2026-06-10T04:34:46.0110452500	outputs/RuModernBERT-legal-mlm-20e/checkpoint-130000/rng_state_2.pth
15984	2026-06-10T04:34:46.0166766480	outputs/RuModernBERT-legal-mlm-20e/checkpoint-130000/rng_state_3.pth
15984	2026-06-10T04:34:46.0176334890	outputs/RuModernBERT-legal-mlm-20e/checkpoint-130000/rng_state_4.pth
15984	2026-06-10T04:34:46.0124739570	outputs/RuModernBERT-legal-mlm-20e/checkpoint-130000/rng_state_5.pth
15984	2026-06-10T04:34:46.0110916100	outputs/RuModernBERT-legal-mlm-20e/checkpoint-130000/rng_state_6.pth
15984	2026-06-10T04:34:46.0134979870	outputs/RuModernBERT-legal-mlm-20e/checkpoint-130000/rng_state_7.pth
1064	2026-06-10T04:34:46.0081012680	outputs/RuModernBERT-legal-mlm-20e/checkpoint-130000/scheduler.pt
837	2026-06-10T04:34:44.2807356030	outputs/RuModernBERT-legal-mlm-20e/checkpoint-130000/special_tokens_map.json
4752657	2026-06-10T04:34:44.3111486810	outputs/RuModernBERT-legal-mlm-20e/checkpoint-130000/tokenizer.json
19940	2026-06-10T04:34:44.2788353910	outputs/RuModernBERT-legal-mlm-20e/checkpoint-130000/tokenizer_config.json
231227	2026-06-10T04:34:46.0501434970	outputs/RuModernBERT-legal-mlm-20e/checkpoint-130000/trainer_state.json
6840	2026-06-10T04:34:44.3140735930	outputs/RuModernBERT-legal-mlm-20e/checkpoint-130000/training_args.bin
33270	2026-06-10T04:34:46.0033965710	outputs/RuModernBERT-legal-mlm-20e/checkpoint-130000/zero_to_fp32.py
2153	2026-06-10T05:50:41.2439726590	outputs/RuModernBERT-legal-mlm-20e/checkpoint-140000/config.json
224488752	2026-06-10T05:50:43.6723259930	outputs/RuModernBERT-legal-mlm-20e/checkpoint-140000/global_step140000/bf16_zero_pp_rank_0_mp_rank_00_optim_states.pt
224488816	2026-06-10T05:50:42.6096667890	outputs/RuModernBERT-legal-mlm-20e/checkpoint-140000/global_step140000/bf16_zero_pp_rank_1_mp_rank_00_optim_states.pt
224489776	2026-06-10T05:50:43.1259301760	outputs/RuModernBERT-legal-mlm-20e/checkpoint-140000/global_step140000/bf16_zero_pp_rank_2_mp_rank_00_optim_states.pt
224489136	2026-06-10T05:50:42.9597856820	outputs/RuModernBERT-legal-mlm-20e/checkpoint-140000/global_step140000/bf16_zero_pp_rank_3_mp_rank_00_optim_states.pt
224488880	2026-06-10T05:50:43.2860210850	outputs/RuModernBERT-legal-mlm-20e/checkpoint-140000/global_step140000/bf16_zero_pp_rank_4_mp_rank_00_optim_states.pt
224488944	2026-06-10T05:50:42.7665383290	outputs/RuModernBERT-legal-mlm-20e/checkpoint-140000/global_step140000/bf16_zero_pp_rank_5_mp_rank_00_optim_states.pt
224488944	2026-06-10T05:50:42.7443733440	outputs/RuModernBERT-legal-mlm-20e/checkpoint-140000/global_step140000/bf16_zero_pp_rank_6_mp_rank_00_optim_states.pt
224488880	2026-06-10T05:50:42.7606055240	outputs/RuModernBERT-legal-mlm-20e/checkpoint-140000/global_step140000/bf16_zero_pp_rank_7_mp_rank_00_optim_states.pt
299352760	2026-06-10T05:50:42.9171051770	outputs/RuModernBERT-legal-mlm-20e/checkpoint-140000/global_step140000/mp_rank_00_model_states.pt
17	2026-06-10T05:50:43.6790098210	outputs/RuModernBERT-legal-mlm-20e/checkpoint-140000/latest
376690048	2026-06-10T05:50:41.7987890680	outputs/RuModernBERT-legal-mlm-20e/checkpoint-140000/model.safetensors
15984	2026-06-10T05:50:43.6970720740	outputs/RuModernBERT-legal-mlm-20e/checkpoint-140000/rng_state_0.pth
15984	2026-06-10T05:50:43.6838259960	outputs/RuModernBERT-legal-mlm-20e/checkpoint-140000/rng_state_1.pth
15984	2026-06-10T05:50:43.6875735720	outputs/RuModernBERT-legal-mlm-20e/checkpoint-140000/rng_state_2.pth
15984	2026-06-10T05:50:43.6968097570	outputs/RuModernBERT-legal-mlm-20e/checkpoint-140000/rng_state_3.pth
15984	2026-06-10T05:50:43.6944464190	outputs/RuModernBERT-legal-mlm-20e/checkpoint-140000/rng_state_4.pth
15984	2026-06-10T05:50:43.6852414830	outputs/RuModernBERT-legal-mlm-20e/checkpoint-140000/rng_state_5.pth
15984	2026-06-10T05:50:43.6948949040	outputs/RuModernBERT-legal-mlm-20e/checkpoint-140000/rng_state_6.pth
15984	2026-06-10T05:50:43.6921001900	outputs/RuModernBERT-legal-mlm-20e/checkpoint-140000/rng_state_7.pth
1064	2026-06-10T05:50:43.6815596170	outputs/RuModernBERT-legal-mlm-20e/checkpoint-140000/scheduler.pt
837	2026-06-10T05:50:41.8136732500	outputs/RuModernBERT-legal-mlm-20e/checkpoint-140000/special_tokens_map.json
4752657	2026-06-10T05:50:41.8541108760	outputs/RuModernBERT-legal-mlm-20e/checkpoint-140000/tokenizer.json
19940	2026-06-10T05:50:41.8115804590	outputs/RuModernBERT-legal-mlm-20e/checkpoint-140000/tokenizer_config.json
249101	2026-06-10T05:50:43.7291680070	outputs/RuModernBERT-legal-mlm-20e/checkpoint-140000/trainer_state.json
6840	2026-06-10T05:50:41.8594209070	outputs/RuModernBERT-legal-mlm-20e/checkpoint-140000/training_args.bin
33270	2026-06-10T05:50:43.6760439990	outputs/RuModernBERT-legal-mlm-20e/checkpoint-140000/zero_to_fp32.py
2153	2026-06-10T07:06:44.9243692300	outputs/RuModernBERT-legal-mlm-20e/checkpoint-150000/config.json
224488752	2026-06-10T07:06:47.6935118680	outputs/RuModernBERT-legal-mlm-20e/checkpoint-150000/global_step150000/bf16_zero_pp_rank_0_mp_rank_00_optim_states.pt
224488816	2026-06-10T07:06:46.9523126550	outputs/RuModernBERT-legal-mlm-20e/checkpoint-150000/global_step150000/bf16_zero_pp_rank_1_mp_rank_00_optim_states.pt
224489776	2026-06-10T07:06:47.0319390800	outputs/RuModernBERT-legal-mlm-20e/checkpoint-150000/global_step150000/bf16_zero_pp_rank_2_mp_rank_00_optim_states.pt
224489136	2026-06-10T07:06:47.4068693960	outputs/RuModernBERT-legal-mlm-20e/checkpoint-150000/global_step150000/bf16_zero_pp_rank_3_mp_rank_00_optim_states.pt
224488880	2026-06-10T07:06:47.1249525000	outputs/RuModernBERT-legal-mlm-20e/checkpoint-150000/global_step150000/bf16_zero_pp_rank_4_mp_rank_00_optim_states.pt
224488944	2026-06-10T07:06:47.2681396870	outputs/RuModernBERT-legal-mlm-20e/checkpoint-150000/global_step150000/bf16_zero_pp_rank_5_mp_rank_00_optim_states.pt
224488944	2026-06-10T07:06:47.1978113970	outputs/RuModernBERT-legal-mlm-20e/checkpoint-150000/global_step150000/bf16_zero_pp_rank_6_mp_rank_00_optim_states.pt
224488880	2026-06-10T07:06:47.0727682520	outputs/RuModernBERT-legal-mlm-20e/checkpoint-150000/global_step150000/bf16_zero_pp_rank_7_mp_rank_00_optim_states.pt
299352760	2026-06-10T07:06:47.1178569160	outputs/RuModernBERT-legal-mlm-20e/checkpoint-150000/global_step150000/mp_rank_00_model_states.pt
17	2026-06-10T07:06:47.6997547300	outputs/RuModernBERT-legal-mlm-20e/checkpoint-150000/latest
376690048	2026-06-10T07:06:45.9023908940	outputs/RuModernBERT-legal-mlm-20e/checkpoint-150000/model.safetensors
15984	2026-06-10T07:06:47.7122866050	outputs/RuModernBERT-legal-mlm-20e/checkpoint-150000/rng_state_0.pth
15984	2026-06-10T07:06:47.7078764050	outputs/RuModernBERT-legal-mlm-20e/checkpoint-150000/rng_state_1.pth
15984	2026-06-10T07:06:47.7109077970	outputs/RuModernBERT-legal-mlm-20e/checkpoint-150000/rng_state_2.pth
15984	2026-06-10T07:06:47.7098250270	outputs/RuModernBERT-legal-mlm-20e/checkpoint-150000/rng_state_3.pth
15984	2026-06-10T07:06:47.7125331820	outputs/RuModernBERT-legal-mlm-20e/checkpoint-150000/rng_state_4.pth
15984	2026-06-10T07:06:47.7041998790	outputs/RuModernBERT-legal-mlm-20e/checkpoint-150000/rng_state_5.pth
15984	2026-06-10T07:06:47.7053236490	outputs/RuModernBERT-legal-mlm-20e/checkpoint-150000/rng_state_6.pth
15984	2026-06-10T07:06:47.7064825780	outputs/RuModernBERT-legal-mlm-20e/checkpoint-150000/rng_state_7.pth
1064	2026-06-10T07:06:47.7022273380	outputs/RuModernBERT-legal-mlm-20e/checkpoint-150000/scheduler.pt
837	2026-06-10T07:06:45.9163760060	outputs/RuModernBERT-legal-mlm-20e/checkpoint-150000/special_tokens_map.json
4752657	2026-06-10T07:06:45.9497666470	outputs/RuModernBERT-legal-mlm-20e/checkpoint-150000/tokenizer.json
19940	2026-06-10T07:06:45.9146140520	outputs/RuModernBERT-legal-mlm-20e/checkpoint-150000/tokenizer_config.json
267006	2026-06-10T07:06:47.7611769830	outputs/RuModernBERT-legal-mlm-20e/checkpoint-150000/trainer_state.json
6840	2026-06-10T07:06:45.9528332090	outputs/RuModernBERT-legal-mlm-20e/checkpoint-150000/training_args.bin
33270	2026-06-10T07:06:47.6973379130	outputs/RuModernBERT-legal-mlm-20e/checkpoint-150000/zero_to_fp32.py
2153	2026-06-10T08:22:53.6163317580	outputs/RuModernBERT-legal-mlm-20e/checkpoint-160000/config.json
224488752	2026-06-10T08:22:55.5089408080	outputs/RuModernBERT-legal-mlm-20e/checkpoint-160000/global_step160000/bf16_zero_pp_rank_0_mp_rank_00_optim_states.pt
224488816	2026-06-10T08:22:54.8549293240	outputs/RuModernBERT-legal-mlm-20e/checkpoint-160000/global_step160000/bf16_zero_pp_rank_1_mp_rank_00_optim_states.pt
224489776	2026-06-10T08:22:55.3916999400	outputs/RuModernBERT-legal-mlm-20e/checkpoint-160000/global_step160000/bf16_zero_pp_rank_2_mp_rank_00_optim_states.pt
224489136	2026-06-10T08:22:55.5211903050	outputs/RuModernBERT-legal-mlm-20e/checkpoint-160000/global_step160000/bf16_zero_pp_rank_3_mp_rank_00_optim_states.pt
224488880	2026-06-10T08:22:55.3157456610	outputs/RuModernBERT-legal-mlm-20e/checkpoint-160000/global_step160000/bf16_zero_pp_rank_4_mp_rank_00_optim_states.pt
224488944	2026-06-10T08:22:55.4122588500	outputs/RuModernBERT-legal-mlm-20e/checkpoint-160000/global_step160000/bf16_zero_pp_rank_5_mp_rank_00_optim_states.pt
224488944	2026-06-10T08:22:55.3343017800	outputs/RuModernBERT-legal-mlm-20e/checkpoint-160000/global_step160000/bf16_zero_pp_rank_6_mp_rank_00_optim_states.pt
224488880	2026-06-10T08:22:54.7697324410	outputs/RuModernBERT-legal-mlm-20e/checkpoint-160000/global_step160000/bf16_zero_pp_rank_7_mp_rank_00_optim_states.pt
299352760	2026-06-10T08:22:55.0561495770	outputs/RuModernBERT-legal-mlm-20e/checkpoint-160000/global_step160000/mp_rank_00_model_states.pt
17	2026-06-10T08:22:55.5163265790	outputs/RuModernBERT-legal-mlm-20e/checkpoint-160000/latest
376690048	2026-06-10T08:22:54.1066172620	outputs/RuModernBERT-legal-mlm-20e/checkpoint-160000/model.safetensors
15984	2026-06-10T08:22:55.5372727360	outputs/RuModernBERT-legal-mlm-20e/checkpoint-160000/rng_state_0.pth
15984	2026-06-10T08:22:55.5283591380	outputs/RuModernBERT-legal-mlm-20e/checkpoint-160000/rng_state_1.pth
15984	2026-06-10T08:22:55.5315470090	outputs/RuModernBERT-legal-mlm-20e/checkpoint-160000/rng_state_2.pth
15984	2026-06-10T08:22:55.5330834250	outputs/RuModernBERT-legal-mlm-20e/checkpoint-160000/rng_state_3.pth
15984	2026-06-10T08:22:55.5347018300	outputs/RuModernBERT-legal-mlm-20e/checkpoint-160000/rng_state_4.pth
15984	2026-06-10T08:22:55.5295548270	outputs/RuModernBERT-legal-mlm-20e/checkpoint-160000/rng_state_5.pth
15984	2026-06-10T08:22:55.5256786330	outputs/RuModernBERT-legal-mlm-20e/checkpoint-160000/rng_state_6.pth
15984	2026-06-10T08:22:55.5270132910	outputs/RuModernBERT-legal-mlm-20e/checkpoint-160000/rng_state_7.pth
1064	2026-06-10T08:22:55.5236193020	outputs/RuModernBERT-legal-mlm-20e/checkpoint-160000/scheduler.pt
837	2026-06-10T08:22:54.1191009570	outputs/RuModernBERT-legal-mlm-20e/checkpoint-160000/special_tokens_map.json
4752657	2026-06-10T08:22:54.1596019830	outputs/RuModernBERT-legal-mlm-20e/checkpoint-160000/tokenizer.json
19940	2026-06-10T08:22:54.1169441370	outputs/RuModernBERT-legal-mlm-20e/checkpoint-160000/tokenizer_config.json
284890	2026-06-10T08:22:55.6164984850	outputs/RuModernBERT-legal-mlm-20e/checkpoint-160000/trainer_state.json
6840	2026-06-10T08:22:54.1651421620	outputs/RuModernBERT-legal-mlm-20e/checkpoint-160000/training_args.bin
33270	2026-06-10T08:22:55.5122967170	outputs/RuModernBERT-legal-mlm-20e/checkpoint-160000/zero_to_fp32.py
2153	2026-06-10T09:38:46.3586304940	outputs/RuModernBERT-legal-mlm-20e/checkpoint-170000/config.json
224488752	2026-06-10T09:38:48.9473565090	outputs/RuModernBERT-legal-mlm-20e/checkpoint-170000/global_step170000/bf16_zero_pp_rank_0_mp_rank_00_optim_states.pt
224488816	2026-06-10T09:38:48.0392825760	outputs/RuModernBERT-legal-mlm-20e/checkpoint-170000/global_step170000/bf16_zero_pp_rank_1_mp_rank_00_optim_states.pt
224489776	2026-06-10T09:38:48.5526688420	outputs/RuModernBERT-legal-mlm-20e/checkpoint-170000/global_step170000/bf16_zero_pp_rank_2_mp_rank_00_optim_states.pt
224489136	2026-06-10T09:38:48.4078766960	outputs/RuModernBERT-legal-mlm-20e/checkpoint-170000/global_step170000/bf16_zero_pp_rank_3_mp_rank_00_optim_states.pt
224488880	2026-06-10T09:38:48.6976826260	outputs/RuModernBERT-legal-mlm-20e/checkpoint-170000/global_step170000/bf16_zero_pp_rank_4_mp_rank_00_optim_states.pt
224488944	2026-06-10T09:38:48.1983557600	outputs/RuModernBERT-legal-mlm-20e/checkpoint-170000/global_step170000/bf16_zero_pp_rank_5_mp_rank_00_optim_states.pt
224488944	2026-06-10T09:38:48.1676738050	outputs/RuModernBERT-legal-mlm-20e/checkpoint-170000/global_step170000/bf16_zero_pp_rank_6_mp_rank_00_optim_states.pt
224488880	2026-06-10T09:38:48.3284514630	outputs/RuModernBERT-legal-mlm-20e/checkpoint-170000/global_step170000/bf16_zero_pp_rank_7_mp_rank_00_optim_states.pt
299352760	2026-06-10T09:38:48.2929221120	outputs/RuModernBERT-legal-mlm-20e/checkpoint-170000/global_step170000/mp_rank_00_model_states.pt
17	2026-06-10T09:38:48.9568218310	outputs/RuModernBERT-legal-mlm-20e/checkpoint-170000/latest
376690048	2026-06-10T09:38:47.2876689620	outputs/RuModernBERT-legal-mlm-20e/checkpoint-170000/model.safetensors
15984	2026-06-10T09:38:48.9735649760	outputs/RuModernBERT-legal-mlm-20e/checkpoint-170000/rng_state_0.pth
15984	2026-06-10T09:38:48.9632817710	outputs/RuModernBERT-legal-mlm-20e/checkpoint-170000/rng_state_1.pth
15984	2026-06-10T09:38:48.9681417260	outputs/RuModernBERT-legal-mlm-20e/checkpoint-170000/rng_state_2.pth
15984	2026-06-10T09:38:48.9712251070	outputs/RuModernBERT-legal-mlm-20e/checkpoint-170000/rng_state_3.pth
15984	2026-06-10T09:38:48.9697139210	outputs/RuModernBERT-legal-mlm-20e/checkpoint-170000/rng_state_4.pth
15984	2026-06-10T09:38:48.9647011680	outputs/RuModernBERT-legal-mlm-20e/checkpoint-170000/rng_state_5.pth
15984	2026-06-10T09:38:48.9618293350	outputs/RuModernBERT-legal-mlm-20e/checkpoint-170000/rng_state_6.pth
15984	2026-06-10T09:38:48.9660397760	outputs/RuModernBERT-legal-mlm-20e/checkpoint-170000/rng_state_7.pth
1064	2026-06-10T09:38:48.9594927970	outputs/RuModernBERT-legal-mlm-20e/checkpoint-170000/scheduler.pt
837	2026-06-10T09:38:47.3034155960	outputs/RuModernBERT-legal-mlm-20e/checkpoint-170000/special_tokens_map.json
4752657	2026-06-10T09:38:47.3365827780	outputs/RuModernBERT-legal-mlm-20e/checkpoint-170000/tokenizer.json
19940	2026-06-10T09:38:47.3011994760	outputs/RuModernBERT-legal-mlm-20e/checkpoint-170000/tokenizer_config.json
302808	2026-06-10T09:38:49.0545065150	outputs/RuModernBERT-legal-mlm-20e/checkpoint-170000/trainer_state.json
6840	2026-06-10T09:38:47.3397095290	outputs/RuModernBERT-legal-mlm-20e/checkpoint-170000/training_args.bin
33270	2026-06-10T09:38:48.9527879080	outputs/RuModernBERT-legal-mlm-20e/checkpoint-170000/zero_to_fp32.py
2153	2026-06-10T10:54:47.9626636590	outputs/RuModernBERT-legal-mlm-20e/checkpoint-180000/config.json
224488752	2026-06-10T10:54:50.5471840300	outputs/RuModernBERT-legal-mlm-20e/checkpoint-180000/global_step180000/bf16_zero_pp_rank_0_mp_rank_00_optim_states.pt
224488816	2026-06-10T10:54:49.5548128360	outputs/RuModernBERT-legal-mlm-20e/checkpoint-180000/global_step180000/bf16_zero_pp_rank_1_mp_rank_00_optim_states.pt
224489776	2026-06-10T10:54:50.1020042090	outputs/RuModernBERT-legal-mlm-20e/checkpoint-180000/global_step180000/bf16_zero_pp_rank_2_mp_rank_00_optim_states.pt
224489136	2026-06-10T10:54:49.9576924110	outputs/RuModernBERT-legal-mlm-20e/checkpoint-180000/global_step180000/bf16_zero_pp_rank_3_mp_rank_00_optim_states.pt
224488880	2026-06-10T10:54:50.3668231070	outputs/RuModernBERT-legal-mlm-20e/checkpoint-180000/global_step180000/bf16_zero_pp_rank_4_mp_rank_00_optim_states.pt
224488944	2026-06-10T10:54:49.7324772650	outputs/RuModernBERT-legal-mlm-20e/checkpoint-180000/global_step180000/bf16_zero_pp_rank_5_mp_rank_00_optim_states.pt
224488944	2026-06-10T10:54:49.6579616170	outputs/RuModernBERT-legal-mlm-20e/checkpoint-180000/global_step180000/bf16_zero_pp_rank_6_mp_rank_00_optim_states.pt
224488880	2026-06-10T10:54:49.9387027270	outputs/RuModernBERT-legal-mlm-20e/checkpoint-180000/global_step180000/bf16_zero_pp_rank_7_mp_rank_00_optim_states.pt
299352760	2026-06-10T10:54:49.7899946300	outputs/RuModernBERT-legal-mlm-20e/checkpoint-180000/global_step180000/mp_rank_00_model_states.pt
17	2026-06-10T10:54:50.5569422890	outputs/RuModernBERT-legal-mlm-20e/checkpoint-180000/latest
376690048	2026-06-10T10:54:48.8330366670	outputs/RuModernBERT-legal-mlm-20e/checkpoint-180000/model.safetensors
15984	2026-06-10T10:54:50.5771652210	outputs/RuModernBERT-legal-mlm-20e/checkpoint-180000/rng_state_0.pth
15984	2026-06-10T10:54:50.5760141020	outputs/RuModernBERT-legal-mlm-20e/checkpoint-180000/rng_state_1.pth
15984	2026-06-10T10:54:50.5704424840	outputs/RuModernBERT-legal-mlm-20e/checkpoint-180000/rng_state_2.pth
15984	2026-06-10T10:54:50.5732979970	outputs/RuModernBERT-legal-mlm-20e/checkpoint-180000/rng_state_3.pth
15984	2026-06-10T10:54:50.5717943710	outputs/RuModernBERT-legal-mlm-20e/checkpoint-180000/rng_state_4.pth
15984	2026-06-10T10:54:50.5679958770	outputs/RuModernBERT-legal-mlm-20e/checkpoint-180000/rng_state_5.pth
15984	2026-06-10T10:54:50.5626903260	outputs/RuModernBERT-legal-mlm-20e/checkpoint-180000/rng_state_6.pth
15984	2026-06-10T10:54:50.5614983070	outputs/RuModernBERT-legal-mlm-20e/checkpoint-180000/rng_state_7.pth
1064	2026-06-10T10:54:50.5594950750	outputs/RuModernBERT-legal-mlm-20e/checkpoint-180000/scheduler.pt
837	2026-06-10T10:54:48.8481958260	outputs/RuModernBERT-legal-mlm-20e/checkpoint-180000/special_tokens_map.json
4752657	2026-06-10T10:54:48.8893607230	outputs/RuModernBERT-legal-mlm-20e/checkpoint-180000/tokenizer.json
19940	2026-06-10T10:54:48.8459921060	outputs/RuModernBERT-legal-mlm-20e/checkpoint-180000/tokenizer_config.json
320702	2026-06-10T10:54:50.6222374920	outputs/RuModernBERT-legal-mlm-20e/checkpoint-180000/trainer_state.json
6840	2026-06-10T10:54:48.8950102000	outputs/RuModernBERT-legal-mlm-20e/checkpoint-180000/training_args.bin
33270	2026-06-10T10:54:50.5531084150	outputs/RuModernBERT-legal-mlm-20e/checkpoint-180000/zero_to_fp32.py
2153	2026-06-10T12:10:53.8389538470	outputs/RuModernBERT-legal-mlm-20e/checkpoint-190000/config.json
224488752	2026-06-10T12:10:56.2652615580	outputs/RuModernBERT-legal-mlm-20e/checkpoint-190000/global_step190000/bf16_zero_pp_rank_0_mp_rank_00_optim_states.pt
224488816	2026-06-10T12:10:55.4764025370	outputs/RuModernBERT-legal-mlm-20e/checkpoint-190000/global_step190000/bf16_zero_pp_rank_1_mp_rank_00_optim_states.pt
224489776	2026-06-10T12:10:55.5778884480	outputs/RuModernBERT-legal-mlm-20e/checkpoint-190000/global_step190000/bf16_zero_pp_rank_2_mp_rank_00_optim_states.pt
224489136	2026-06-10T12:10:55.6250599220	outputs/RuModernBERT-legal-mlm-20e/checkpoint-190000/global_step190000/bf16_zero_pp_rank_3_mp_rank_00_optim_states.pt
224488880	2026-06-10T12:10:55.7205971580	outputs/RuModernBERT-legal-mlm-20e/checkpoint-190000/global_step190000/bf16_zero_pp_rank_4_mp_rank_00_optim_states.pt
224488944	2026-06-10T12:10:55.3630289560	outputs/RuModernBERT-legal-mlm-20e/checkpoint-190000/global_step190000/bf16_zero_pp_rank_5_mp_rank_00_optim_states.pt
224488944	2026-06-10T12:10:55.3161164200	outputs/RuModernBERT-legal-mlm-20e/checkpoint-190000/global_step190000/bf16_zero_pp_rank_6_mp_rank_00_optim_states.pt
224488880	2026-06-10T12:10:55.3226067500	outputs/RuModernBERT-legal-mlm-20e/checkpoint-190000/global_step190000/bf16_zero_pp_rank_7_mp_rank_00_optim_states.pt
299352760	2026-06-10T12:10:55.6532849310	outputs/RuModernBERT-legal-mlm-20e/checkpoint-190000/global_step190000/mp_rank_00_model_states.pt
17	2026-06-10T12:10:56.2742541160	outputs/RuModernBERT-legal-mlm-20e/checkpoint-190000/latest
376690048	2026-06-10T12:10:54.4020000680	outputs/RuModernBERT-legal-mlm-20e/checkpoint-190000/model.safetensors
15984	2026-06-10T12:10:56.2885798430	outputs/RuModernBERT-legal-mlm-20e/checkpoint-190000/rng_state_0.pth
15984	2026-06-10T12:10:56.2790751010	outputs/RuModernBERT-legal-mlm-20e/checkpoint-190000/rng_state_1.pth
15984	2026-06-10T12:10:56.2866415110	outputs/RuModernBERT-legal-mlm-20e/checkpoint-190000/rng_state_2.pth
15984	2026-06-10T12:10:56.2882730660	outputs/RuModernBERT-legal-mlm-20e/checkpoint-190000/rng_state_3.pth
15984	2026-06-10T12:10:56.2855714510	outputs/RuModernBERT-legal-mlm-20e/checkpoint-190000/rng_state_4.pth
15984	2026-06-10T12:10:56.2821029230	outputs/RuModernBERT-legal-mlm-20e/checkpoint-190000/rng_state_5.pth
15984	2026-06-10T12:10:56.2804974680	outputs/RuModernBERT-legal-mlm-20e/checkpoint-190000/rng_state_6.pth
15984	2026-06-10T12:10:56.2832869620	outputs/RuModernBERT-legal-mlm-20e/checkpoint-190000/rng_state_7.pth
1064	2026-06-10T12:10:56.2769273410	outputs/RuModernBERT-legal-mlm-20e/checkpoint-190000/scheduler.pt
837	2026-06-10T12:10:54.4140566560	outputs/RuModernBERT-legal-mlm-20e/checkpoint-190000/special_tokens_map.json
4752657	2026-06-10T12:10:54.4538212080	outputs/RuModernBERT-legal-mlm-20e/checkpoint-190000/tokenizer.json
19940	2026-06-10T12:10:54.4123561020	outputs/RuModernBERT-legal-mlm-20e/checkpoint-190000/tokenizer_config.json
338620	2026-06-10T12:10:56.3322727090	outputs/RuModernBERT-legal-mlm-20e/checkpoint-190000/trainer_state.json
6840	2026-06-10T12:10:54.4583223160	outputs/RuModernBERT-legal-mlm-20e/checkpoint-190000/training_args.bin
33270	2026-06-10T12:10:56.2701518730	outputs/RuModernBERT-legal-mlm-20e/checkpoint-190000/zero_to_fp32.py
2153	2026-06-09T14:41:03.1670579310	outputs/RuModernBERT-legal-mlm-20e/checkpoint-20000/config.json
224488752	2026-06-09T14:41:05.5931091180	outputs/RuModernBERT-legal-mlm-20e/checkpoint-20000/global_step20000/bf16_zero_pp_rank_0_mp_rank_00_optim_states.pt
224488816	2026-06-09T14:41:04.9119990190	outputs/RuModernBERT-legal-mlm-20e/checkpoint-20000/global_step20000/bf16_zero_pp_rank_1_mp_rank_00_optim_states.pt
224489776	2026-06-09T14:41:05.4826108760	outputs/RuModernBERT-legal-mlm-20e/checkpoint-20000/global_step20000/bf16_zero_pp_rank_2_mp_rank_00_optim_states.pt
224489136	2026-06-09T14:41:05.7711194650	outputs/RuModernBERT-legal-mlm-20e/checkpoint-20000/global_step20000/bf16_zero_pp_rank_3_mp_rank_00_optim_states.pt
224488880	2026-06-09T14:41:05.3194138040	outputs/RuModernBERT-legal-mlm-20e/checkpoint-20000/global_step20000/bf16_zero_pp_rank_4_mp_rank_00_optim_states.pt
224488944	2026-06-09T14:41:05.3182606540	outputs/RuModernBERT-legal-mlm-20e/checkpoint-20000/global_step20000/bf16_zero_pp_rank_5_mp_rank_00_optim_states.pt
224488944	2026-06-09T14:41:05.7535569750	outputs/RuModernBERT-legal-mlm-20e/checkpoint-20000/global_step20000/bf16_zero_pp_rank_6_mp_rank_00_optim_states.pt
224488880	2026-06-09T14:41:04.8248768140	outputs/RuModernBERT-legal-mlm-20e/checkpoint-20000/global_step20000/bf16_zero_pp_rank_7_mp_rank_00_optim_states.pt
299352760	2026-06-09T14:41:05.0787608990	outputs/RuModernBERT-legal-mlm-20e/checkpoint-20000/global_step20000/mp_rank_00_model_states.pt
16	2026-06-09T14:41:05.6092861210	outputs/RuModernBERT-legal-mlm-20e/checkpoint-20000/latest
376690048	2026-06-09T14:41:04.0322959710	outputs/RuModernBERT-legal-mlm-20e/checkpoint-20000/model.safetensors
15984	2026-06-09T14:41:05.7845883720	outputs/RuModernBERT-legal-mlm-20e/checkpoint-20000/rng_state_0.pth
15984	2026-06-09T14:41:05.7777979940	outputs/RuModernBERT-legal-mlm-20e/checkpoint-20000/rng_state_1.pth
15984	2026-06-09T14:41:05.7848571100	outputs/RuModernBERT-legal-mlm-20e/checkpoint-20000/rng_state_2.pth
15984	2026-06-09T14:41:05.7821138750	outputs/RuModernBERT-legal-mlm-20e/checkpoint-20000/rng_state_3.pth
15984	2026-06-09T14:41:05.7808145370	outputs/RuModernBERT-legal-mlm-20e/checkpoint-20000/rng_state_4.pth
15984	2026-06-09T14:41:05.7763284270	outputs/RuModernBERT-legal-mlm-20e/checkpoint-20000/rng_state_5.pth
15984	2026-06-09T14:41:05.7832088050	outputs/RuModernBERT-legal-mlm-20e/checkpoint-20000/rng_state_6.pth
15984	2026-06-09T14:41:05.7786961360	outputs/RuModernBERT-legal-mlm-20e/checkpoint-20000/rng_state_7.pth
1064	2026-06-09T14:41:05.7739138590	outputs/RuModernBERT-legal-mlm-20e/checkpoint-20000/scheduler.pt
837	2026-06-09T14:41:04.0484329450	outputs/RuModernBERT-legal-mlm-20e/checkpoint-20000/special_tokens_map.json
4752657	2026-06-09T14:41:04.0905268400	outputs/RuModernBERT-legal-mlm-20e/checkpoint-20000/tokenizer.json
19940	2026-06-09T14:41:04.0465019620	outputs/RuModernBERT-legal-mlm-20e/checkpoint-20000/tokenizer_config.json
36464	2026-06-09T14:41:05.7917133770	outputs/RuModernBERT-legal-mlm-20e/checkpoint-20000/trainer_state.json
6840	2026-06-09T14:41:04.0948739010	outputs/RuModernBERT-legal-mlm-20e/checkpoint-20000/training_args.bin
33270	2026-06-09T14:41:05.5973594890	outputs/RuModernBERT-legal-mlm-20e/checkpoint-20000/zero_to_fp32.py
2153	2026-06-10T13:26:58.8565597720	outputs/RuModernBERT-legal-mlm-20e/checkpoint-200000/config.json
224488752	2026-06-10T13:27:01.5350580150	outputs/RuModernBERT-legal-mlm-20e/checkpoint-200000/global_step200000/bf16_zero_pp_rank_0_mp_rank_00_optim_states.pt
224488816	2026-06-10T13:27:00.7688182540	outputs/RuModernBERT-legal-mlm-20e/checkpoint-200000/global_step200000/bf16_zero_pp_rank_1_mp_rank_00_optim_states.pt
224489776	2026-06-10T13:27:00.8660578060	outputs/RuModernBERT-legal-mlm-20e/checkpoint-200000/global_step200000/bf16_zero_pp_rank_2_mp_rank_00_optim_states.pt
224489136	2026-06-10T13:27:00.9176196400	outputs/RuModernBERT-legal-mlm-20e/checkpoint-200000/global_step200000/bf16_zero_pp_rank_3_mp_rank_00_optim_states.pt
224488880	2026-06-10T13:27:01.0281893280	outputs/RuModernBERT-legal-mlm-20e/checkpoint-200000/global_step200000/bf16_zero_pp_rank_4_mp_rank_00_optim_states.pt
224488944	2026-06-10T13:27:00.6938421370	outputs/RuModernBERT-legal-mlm-20e/checkpoint-200000/global_step200000/bf16_zero_pp_rank_5_mp_rank_00_optim_states.pt
224488944	2026-06-10T13:27:00.6583799250	outputs/RuModernBERT-legal-mlm-20e/checkpoint-200000/global_step200000/bf16_zero_pp_rank_6_mp_rank_00_optim_states.pt
224488880	2026-06-10T13:27:00.7937545340	outputs/RuModernBERT-legal-mlm-20e/checkpoint-200000/global_step200000/bf16_zero_pp_rank_7_mp_rank_00_optim_states.pt
299352760	2026-06-10T13:27:00.9482312670	outputs/RuModernBERT-legal-mlm-20e/checkpoint-200000/global_step200000/mp_rank_00_model_states.pt
17	2026-06-10T13:27:01.5439549230	outputs/RuModernBERT-legal-mlm-20e/checkpoint-200000/latest
376690048	2026-06-10T13:26:59.7493033640	outputs/RuModernBERT-legal-mlm-20e/checkpoint-200000/model.safetensors
15984	2026-06-10T13:27:01.5768157690	outputs/RuModernBERT-legal-mlm-20e/checkpoint-200000/rng_state_0.pth
15984	2026-06-10T13:27:01.5488212380	outputs/RuModernBERT-legal-mlm-20e/checkpoint-200000/rng_state_1.pth
15984	2026-06-10T13:27:01.5530824880	outputs/RuModernBERT-legal-mlm-20e/checkpoint-200000/rng_state_2.pth
15984	2026-06-10T13:27:01.5541625080	outputs/RuModernBERT-legal-mlm-20e/checkpoint-200000/rng_state_3.pth
15984	2026-06-10T13:27:01.5768673890	outputs/RuModernBERT-legal-mlm-20e/checkpoint-200000/rng_state_4.pth
15984	2026-06-10T13:27:01.5500917560	outputs/RuModernBERT-legal-mlm-20e/checkpoint-200000/rng_state_5.pth
15984	2026-06-10T13:27:01.5511990860	outputs/RuModernBERT-legal-mlm-20e/checkpoint-200000/rng_state_6.pth
15984	2026-06-10T13:27:01.5569344830	outputs/RuModernBERT-legal-mlm-20e/checkpoint-200000/rng_state_7.pth
1064	2026-06-10T13:27:01.5464335100	outputs/RuModernBERT-legal-mlm-20e/checkpoint-200000/scheduler.pt
837	2026-06-10T13:26:59.7629757680	outputs/RuModernBERT-legal-mlm-20e/checkpoint-200000/special_tokens_map.json
4752657	2026-06-10T13:26:59.8026859500	outputs/RuModernBERT-legal-mlm-20e/checkpoint-200000/tokenizer.json
19940	2026-06-10T13:26:59.7614186120	outputs/RuModernBERT-legal-mlm-20e/checkpoint-200000/tokenizer_config.json
356477	2026-06-10T13:27:01.6261934230	outputs/RuModernBERT-legal-mlm-20e/checkpoint-200000/trainer_state.json
6840	2026-06-10T13:26:59.8084143280	outputs/RuModernBERT-legal-mlm-20e/checkpoint-200000/training_args.bin
33270	2026-06-10T13:27:01.5405518740	outputs/RuModernBERT-legal-mlm-20e/checkpoint-200000/zero_to_fp32.py
2153	2026-06-10T14:42:41.0299134380	outputs/RuModernBERT-legal-mlm-20e/checkpoint-210000/config.json
224488752	2026-06-10T14:42:43.0411836850	outputs/RuModernBERT-legal-mlm-20e/checkpoint-210000/global_step210000/bf16_zero_pp_rank_0_mp_rank_00_optim_states.pt
224488816	2026-06-10T14:42:42.2802153360	outputs/RuModernBERT-legal-mlm-20e/checkpoint-210000/global_step210000/bf16_zero_pp_rank_1_mp_rank_00_optim_states.pt
224489776	2026-06-10T14:42:42.8177823890	outputs/RuModernBERT-legal-mlm-20e/checkpoint-210000/global_step210000/bf16_zero_pp_rank_2_mp_rank_00_optim_states.pt
224489136	2026-06-10T14:42:43.0565266730	outputs/RuModernBERT-legal-mlm-20e/checkpoint-210000/global_step210000/bf16_zero_pp_rank_3_mp_rank_00_optim_states.pt
224488880	2026-06-10T14:42:42.7520191660	outputs/RuModernBERT-legal-mlm-20e/checkpoint-210000/global_step210000/bf16_zero_pp_rank_4_mp_rank_00_optim_states.pt
224488944	2026-06-10T14:42:42.9448403450	outputs/RuModernBERT-legal-mlm-20e/checkpoint-210000/global_step210000/bf16_zero_pp_rank_5_mp_rank_00_optim_states.pt
224488944	2026-06-10T14:42:42.8825631210	outputs/RuModernBERT-legal-mlm-20e/checkpoint-210000/global_step210000/bf16_zero_pp_rank_6_mp_rank_00_optim_states.pt
224488880	2026-06-10T14:42:42.2128395280	outputs/RuModernBERT-legal-mlm-20e/checkpoint-210000/global_step210000/bf16_zero_pp_rank_7_mp_rank_00_optim_states.pt
299352760	2026-06-10T14:42:42.5466098740	outputs/RuModernBERT-legal-mlm-20e/checkpoint-210000/global_step210000/mp_rank_00_model_states.pt
17	2026-06-10T14:42:43.0507848760	outputs/RuModernBERT-legal-mlm-20e/checkpoint-210000/latest
376690048	2026-06-10T14:42:41.5712291260	outputs/RuModernBERT-legal-mlm-20e/checkpoint-210000/model.safetensors
15984	2026-06-10T14:42:43.0693144950	outputs/RuModernBERT-legal-mlm-20e/checkpoint-210000/rng_state_0.pth
15984	2026-06-10T14:42:43.0635162790	outputs/RuModernBERT-legal-mlm-20e/checkpoint-210000/rng_state_1.pth
15984	2026-06-10T14:42:43.0667258390	outputs/RuModernBERT-legal-mlm-20e/checkpoint-210000/rng_state_2.pth
15984	2026-06-10T14:42:43.0689803780	outputs/RuModernBERT-legal-mlm-20e/checkpoint-210000/rng_state_3.pth
15984	2026-06-10T14:42:43.0653688610	outputs/RuModernBERT-legal-mlm-20e/checkpoint-210000/rng_state_4.pth
15984	2026-06-10T14:42:43.0607567040	outputs/RuModernBERT-legal-mlm-20e/checkpoint-210000/rng_state_5.pth
15984	2026-06-10T14:42:43.0620312720	outputs/RuModernBERT-legal-mlm-20e/checkpoint-210000/rng_state_6.pth
15984	2026-06-10T14:42:43.0671097050	outputs/RuModernBERT-legal-mlm-20e/checkpoint-210000/rng_state_7.pth
1064	2026-06-10T14:42:43.0587670020	outputs/RuModernBERT-legal-mlm-20e/checkpoint-210000/scheduler.pt
837	2026-06-10T14:42:41.5836134220	outputs/RuModernBERT-legal-mlm-20e/checkpoint-210000/special_tokens_map.json
4752657	2026-06-10T14:42:41.6234234440	outputs/RuModernBERT-legal-mlm-20e/checkpoint-210000/tokenizer.json
19940	2026-06-10T14:42:41.5813054630	outputs/RuModernBERT-legal-mlm-20e/checkpoint-210000/tokenizer_config.json
374307	2026-06-10T14:42:43.1211704260	outputs/RuModernBERT-legal-mlm-20e/checkpoint-210000/trainer_state.json
6840	2026-06-10T14:42:41.6289255230	outputs/RuModernBERT-legal-mlm-20e/checkpoint-210000/training_args.bin
33270	2026-06-10T14:42:43.0469344720	outputs/RuModernBERT-legal-mlm-20e/checkpoint-210000/zero_to_fp32.py
2153	2026-06-09T15:56:37.4983608350	outputs/RuModernBERT-legal-mlm-20e/checkpoint-30000/config.json
224488752	2026-06-09T15:56:39.5781705700	outputs/RuModernBERT-legal-mlm-20e/checkpoint-30000/global_step30000/bf16_zero_pp_rank_0_mp_rank_00_optim_states.pt
224488816	2026-06-09T15:56:38.7431954210	outputs/RuModernBERT-legal-mlm-20e/checkpoint-30000/global_step30000/bf16_zero_pp_rank_1_mp_rank_00_optim_states.pt
224489776	2026-06-09T15:56:39.2731456980	outputs/RuModernBERT-legal-mlm-20e/checkpoint-30000/global_step30000/bf16_zero_pp_rank_2_mp_rank_00_optim_states.pt
224489136	2026-06-09T15:56:39.0916261730	outputs/RuModernBERT-legal-mlm-20e/checkpoint-30000/global_step30000/bf16_zero_pp_rank_3_mp_rank_00_optim_states.pt
224488880	2026-06-09T15:56:39.3466956650	outputs/RuModernBERT-legal-mlm-20e/checkpoint-30000/global_step30000/bf16_zero_pp_rank_4_mp_rank_00_optim_states.pt
224488944	2026-06-09T15:56:38.9040361720	outputs/RuModernBERT-legal-mlm-20e/checkpoint-30000/global_step30000/bf16_zero_pp_rank_5_mp_rank_00_optim_states.pt
224488944	2026-06-09T15:56:38.8620498810	outputs/RuModernBERT-legal-mlm-20e/checkpoint-30000/global_step30000/bf16_zero_pp_rank_6_mp_rank_00_optim_states.pt
224488880	2026-06-09T15:56:38.9018048730	outputs/RuModernBERT-legal-mlm-20e/checkpoint-30000/global_step30000/bf16_zero_pp_rank_7_mp_rank_00_optim_states.pt
299352760	2026-06-09T15:56:38.9632700390	outputs/RuModernBERT-legal-mlm-20e/checkpoint-30000/global_step30000/mp_rank_00_model_states.pt
16	2026-06-09T15:56:39.5875842650	outputs/RuModernBERT-legal-mlm-20e/checkpoint-30000/latest
376690048	2026-06-09T15:56:37.9681465930	outputs/RuModernBERT-legal-mlm-20e/checkpoint-30000/model.safetensors
15984	2026-06-09T15:56:39.6001333520	outputs/RuModernBERT-legal-mlm-20e/checkpoint-30000/rng_state_0.pth
15984	2026-06-09T15:56:39.5922960330	outputs/RuModernBERT-legal-mlm-20e/checkpoint-30000/rng_state_1.pth
15984	2026-06-09T15:56:39.5976236250	outputs/RuModernBERT-legal-mlm-20e/checkpoint-30000/rng_state_2.pth
15984	2026-06-09T15:56:39.6071670990	outputs/RuModernBERT-legal-mlm-20e/checkpoint-30000/rng_state_3.pth
15984	2026-06-09T15:56:39.5989075330	outputs/RuModernBERT-legal-mlm-20e/checkpoint-30000/rng_state_4.pth
15984	2026-06-09T15:56:39.5959874100	outputs/RuModernBERT-legal-mlm-20e/checkpoint-30000/rng_state_5.pth
15984	2026-06-09T15:56:39.5936428310	outputs/RuModernBERT-legal-mlm-20e/checkpoint-30000/rng_state_6.pth
15984	2026-06-09T15:56:39.5947303310	outputs/RuModernBERT-legal-mlm-20e/checkpoint-30000/rng_state_7.pth
1064	2026-06-09T15:56:39.5902728410	outputs/RuModernBERT-legal-mlm-20e/checkpoint-30000/scheduler.pt
837	2026-06-09T15:56:37.9805759610	outputs/RuModernBERT-legal-mlm-20e/checkpoint-30000/special_tokens_map.json
4752657	2026-06-09T15:56:38.0204069320	outputs/RuModernBERT-legal-mlm-20e/checkpoint-30000/tokenizer.json
19940	2026-06-09T15:56:37.9784543700	outputs/RuModernBERT-legal-mlm-20e/checkpoint-30000/tokenizer_config.json
54174	2026-06-09T15:56:39.6090605520	outputs/RuModernBERT-legal-mlm-20e/checkpoint-30000/trainer_state.json
6840	2026-06-09T15:56:38.0258550230	outputs/RuModernBERT-legal-mlm-20e/checkpoint-30000/training_args.bin
33270	2026-06-09T15:56:39.5840882370	outputs/RuModernBERT-legal-mlm-20e/checkpoint-30000/zero_to_fp32.py
2153	2026-06-09T17:12:14.0847364880	outputs/RuModernBERT-legal-mlm-20e/checkpoint-40000/config.json
224488752	2026-06-09T17:12:16.4296027790	outputs/RuModernBERT-legal-mlm-20e/checkpoint-40000/global_step40000/bf16_zero_pp_rank_0_mp_rank_00_optim_states.pt
224488816	2026-06-09T17:12:15.3564682430	outputs/RuModernBERT-legal-mlm-20e/checkpoint-40000/global_step40000/bf16_zero_pp_rank_1_mp_rank_00_optim_states.pt
224489776	2026-06-09T17:12:16.0104169400	outputs/RuModernBERT-legal-mlm-20e/checkpoint-40000/global_step40000/bf16_zero_pp_rank_2_mp_rank_00_optim_states.pt
224489136	2026-06-09T17:12:15.7136318800	outputs/RuModernBERT-legal-mlm-20e/checkpoint-40000/global_step40000/bf16_zero_pp_rank_3_mp_rank_00_optim_states.pt
224488880	2026-06-09T17:12:16.2997680390	outputs/RuModernBERT-legal-mlm-20e/checkpoint-40000/global_step40000/bf16_zero_pp_rank_4_mp_rank_00_optim_states.pt
224488944	2026-06-09T17:12:15.4811468810	outputs/RuModernBERT-legal-mlm-20e/checkpoint-40000/global_step40000/bf16_zero_pp_rank_5_mp_rank_00_optim_states.pt
224488944	2026-06-09T17:12:15.4597216770	outputs/RuModernBERT-legal-mlm-20e/checkpoint-40000/global_step40000/bf16_zero_pp_rank_6_mp_rank_00_optim_states.pt
224488880	2026-06-09T17:12:15.8659924140	outputs/RuModernBERT-legal-mlm-20e/checkpoint-40000/global_step40000/bf16_zero_pp_rank_7_mp_rank_00_optim_states.pt
299352760	2026-06-09T17:12:15.5285044570	outputs/RuModernBERT-legal-mlm-20e/checkpoint-40000/global_step40000/mp_rank_00_model_states.pt
16	2026-06-09T17:12:16.4381171700	outputs/RuModernBERT-legal-mlm-20e/checkpoint-40000/latest
376690048	2026-06-09T17:12:14.6085240480	outputs/RuModernBERT-legal-mlm-20e/checkpoint-40000/model.safetensors
15984	2026-06-09T17:12:16.4503803780	outputs/RuModernBERT-legal-mlm-20e/checkpoint-40000/rng_state_0.pth
15984	2026-06-09T17:12:16.4427435080	outputs/RuModernBERT-legal-mlm-20e/checkpoint-40000/rng_state_1.pth
15984	2026-06-09T17:12:16.4478181920	outputs/RuModernBERT-legal-mlm-20e/checkpoint-40000/rng_state_2.pth
15984	2026-06-09T17:12:16.4510209330	outputs/RuModernBERT-legal-mlm-20e/checkpoint-40000/rng_state_3.pth
15984	2026-06-09T17:12:16.4493177980	outputs/RuModernBERT-legal-mlm-20e/checkpoint-40000/rng_state_4.pth
15984	2026-06-09T17:12:16.4458581400	outputs/RuModernBERT-legal-mlm-20e/checkpoint-40000/rng_state_5.pth
15984	2026-06-09T17:12:16.4439853370	outputs/RuModernBERT-legal-mlm-20e/checkpoint-40000/rng_state_6.pth
15984	2026-06-09T17:12:16.4449259580	outputs/RuModernBERT-legal-mlm-20e/checkpoint-40000/rng_state_7.pth
1064	2026-06-09T17:12:16.4406758570	outputs/RuModernBERT-legal-mlm-20e/checkpoint-40000/scheduler.pt
837	2026-06-09T17:12:14.6196552360	outputs/RuModernBERT-legal-mlm-20e/checkpoint-40000/special_tokens_map.json
4752657	2026-06-09T17:12:14.6608148380	outputs/RuModernBERT-legal-mlm-20e/checkpoint-40000/tokenizer.json
19940	2026-06-09T17:12:14.6180682710	outputs/RuModernBERT-legal-mlm-20e/checkpoint-40000/tokenizer_config.json
71866	2026-06-09T17:12:16.4617303750	outputs/RuModernBERT-legal-mlm-20e/checkpoint-40000/trainer_state.json
6840	2026-06-09T17:12:14.6666263550	outputs/RuModernBERT-legal-mlm-20e/checkpoint-40000/training_args.bin
33270	2026-06-09T17:12:16.4345134540	outputs/RuModernBERT-legal-mlm-20e/checkpoint-40000/zero_to_fp32.py
2153	2026-06-09T18:27:46.9247674220	outputs/RuModernBERT-legal-mlm-20e/checkpoint-50000/config.json
224488752	2026-06-09T18:27:49.5588809560	outputs/RuModernBERT-legal-mlm-20e/checkpoint-50000/global_step50000/bf16_zero_pp_rank_0_mp_rank_00_optim_states.pt
224488816	2026-06-09T18:27:48.6974501450	outputs/RuModernBERT-legal-mlm-20e/checkpoint-50000/global_step50000/bf16_zero_pp_rank_1_mp_rank_00_optim_states.pt
224489776	2026-06-09T18:27:49.2071511240	outputs/RuModernBERT-legal-mlm-20e/checkpoint-50000/global_step50000/bf16_zero_pp_rank_2_mp_rank_00_optim_states.pt
224489136	2026-06-09T18:27:49.0225347030	outputs/RuModernBERT-legal-mlm-20e/checkpoint-50000/global_step50000/bf16_zero_pp_rank_3_mp_rank_00_optim_states.pt
224488880	2026-06-09T18:27:49.2797194750	outputs/RuModernBERT-legal-mlm-20e/checkpoint-50000/global_step50000/bf16_zero_pp_rank_4_mp_rank_00_optim_states.pt
224488944	2026-06-09T18:27:48.8172732420	outputs/RuModernBERT-legal-mlm-20e/checkpoint-50000/global_step50000/bf16_zero_pp_rank_5_mp_rank_00_optim_states.pt
224488944	2026-06-09T18:27:48.7711001270	outputs/RuModernBERT-legal-mlm-20e/checkpoint-50000/global_step50000/bf16_zero_pp_rank_6_mp_rank_00_optim_states.pt
224488880	2026-06-09T18:27:48.7706899910	outputs/RuModernBERT-legal-mlm-20e/checkpoint-50000/global_step50000/bf16_zero_pp_rank_7_mp_rank_00_optim_states.pt
299352760	2026-06-09T18:27:48.9004503260	outputs/RuModernBERT-legal-mlm-20e/checkpoint-50000/global_step50000/mp_rank_00_model_states.pt
16	2026-06-09T18:27:49.5677453940	outputs/RuModernBERT-legal-mlm-20e/checkpoint-50000/latest
376690048	2026-06-09T18:27:47.8736051880	outputs/RuModernBERT-legal-mlm-20e/checkpoint-50000/model.safetensors
15984	2026-06-09T18:27:49.5808070640	outputs/RuModernBERT-legal-mlm-20e/checkpoint-50000/rng_state_0.pth
15984	2026-06-09T18:27:49.5721291640	outputs/RuModernBERT-legal-mlm-20e/checkpoint-50000/rng_state_1.pth
15984	2026-06-09T18:27:49.5777772520	outputs/RuModernBERT-legal-mlm-20e/checkpoint-50000/rng_state_2.pth
15984	2026-06-09T18:27:49.5807203940	outputs/RuModernBERT-legal-mlm-20e/checkpoint-50000/rng_state_3.pth
15984	2026-06-09T18:27:49.5791765890	outputs/RuModernBERT-legal-mlm-20e/checkpoint-50000/rng_state_4.pth
15984	2026-06-09T18:27:49.5757078010	outputs/RuModernBERT-legal-mlm-20e/checkpoint-50000/rng_state_5.pth
15984	2026-06-09T18:27:49.5747344800	outputs/RuModernBERT-legal-mlm-20e/checkpoint-50000/rng_state_6.pth
15984	2026-06-09T18:27:49.5734902610	outputs/RuModernBERT-legal-mlm-20e/checkpoint-50000/rng_state_7.pth
1064	2026-06-09T18:27:49.5701271620	outputs/RuModernBERT-legal-mlm-20e/checkpoint-50000/scheduler.pt
837	2026-06-09T18:27:47.8882541140	outputs/RuModernBERT-legal-mlm-20e/checkpoint-50000/special_tokens_map.json
4752657	2026-06-09T18:27:47.9271634150	outputs/RuModernBERT-legal-mlm-20e/checkpoint-50000/tokenizer.json
19940	2026-06-09T18:27:47.8864198010	outputs/RuModernBERT-legal-mlm-20e/checkpoint-50000/tokenizer_config.json
89558	2026-06-09T18:27:49.5938924930	outputs/RuModernBERT-legal-mlm-20e/checkpoint-50000/trainer_state.json
6840	2026-06-09T18:27:47.9326767250	outputs/RuModernBERT-legal-mlm-20e/checkpoint-50000/training_args.bin
33270	2026-06-09T18:27:49.5648099910	outputs/RuModernBERT-legal-mlm-20e/checkpoint-50000/zero_to_fp32.py
2153	2026-06-09T19:43:22.2472621520	outputs/RuModernBERT-legal-mlm-20e/checkpoint-60000/config.json
224488752	2026-06-09T19:43:24.8966299120	outputs/RuModernBERT-legal-mlm-20e/checkpoint-60000/global_step60000/bf16_zero_pp_rank_0_mp_rank_00_optim_states.pt
224488816	2026-06-09T19:43:24.1434330210	outputs/RuModernBERT-legal-mlm-20e/checkpoint-60000/global_step60000/bf16_zero_pp_rank_1_mp_rank_00_optim_states.pt
224489776	2026-06-09T19:43:24.6980143270	outputs/RuModernBERT-legal-mlm-20e/checkpoint-60000/global_step60000/bf16_zero_pp_rank_2_mp_rank_00_optim_states.pt
224489136	2026-06-09T19:43:24.9924516560	outputs/RuModernBERT-legal-mlm-20e/checkpoint-60000/global_step60000/bf16_zero_pp_rank_3_mp_rank_00_optim_states.pt
224488880	2026-06-09T19:43:24.5809641780	outputs/RuModernBERT-legal-mlm-20e/checkpoint-60000/global_step60000/bf16_zero_pp_rank_4_mp_rank_00_optim_states.pt
224488944	2026-06-09T19:43:24.8894990180	outputs/RuModernBERT-legal-mlm-20e/checkpoint-60000/global_step60000/bf16_zero_pp_rank_5_mp_rank_00_optim_states.pt
224488944	2026-06-09T19:43:24.8181509870	outputs/RuModernBERT-legal-mlm-20e/checkpoint-60000/global_step60000/bf16_zero_pp_rank_6_mp_rank_00_optim_states.pt
224488880	2026-06-09T19:43:24.0439131810	outputs/RuModernBERT-legal-mlm-20e/checkpoint-60000/global_step60000/bf16_zero_pp_rank_7_mp_rank_00_optim_states.pt
299352760	2026-06-09T19:43:24.3434968020	outputs/RuModernBERT-legal-mlm-20e/checkpoint-60000/global_step60000/mp_rank_00_model_states.pt
16	2026-06-09T19:43:24.9228533190	outputs/RuModernBERT-legal-mlm-20e/checkpoint-60000/latest
376690048	2026-06-09T19:43:23.4422046610	outputs/RuModernBERT-legal-mlm-20e/checkpoint-60000/model.safetensors
15984	2026-06-09T19:43:25.0076714550	outputs/RuModernBERT-legal-mlm-20e/checkpoint-60000/rng_state_0.pth
15984	2026-06-09T19:43:25.0020546080	outputs/RuModernBERT-legal-mlm-20e/checkpoint-60000/rng_state_1.pth
15984	2026-06-09T19:43:25.0077583150	outputs/RuModernBERT-legal-mlm-20e/checkpoint-60000/rng_state_2.pth
15984	2026-06-09T19:43:25.0058683720	outputs/RuModernBERT-legal-mlm-20e/checkpoint-60000/rng_state_3.pth
15984	2026-06-09T19:43:25.0045484640	outputs/RuModernBERT-legal-mlm-20e/checkpoint-60000/rng_state_4.pth
15984	2026-06-09T19:43:25.0033598450	outputs/RuModernBERT-legal-mlm-20e/checkpoint-60000/rng_state_5.pth
15984	2026-06-09T19:43:24.9979017860	outputs/RuModernBERT-legal-mlm-20e/checkpoint-60000/rng_state_6.pth
15984	2026-06-09T19:43:25.0004338530	outputs/RuModernBERT-legal-mlm-20e/checkpoint-60000/rng_state_7.pth
1064	2026-06-09T19:43:24.9958657950	outputs/RuModernBERT-legal-mlm-20e/checkpoint-60000/scheduler.pt
837	2026-06-09T19:43:23.4583374020	outputs/RuModernBERT-legal-mlm-20e/checkpoint-60000/special_tokens_map.json
4752657	2026-06-09T19:43:23.5103910710	outputs/RuModernBERT-legal-mlm-20e/checkpoint-60000/tokenizer.json
19940	2026-06-09T19:43:23.4563464500	outputs/RuModernBERT-legal-mlm-20e/checkpoint-60000/tokenizer_config.json
107206	2026-06-09T19:43:25.0241221740	outputs/RuModernBERT-legal-mlm-20e/checkpoint-60000/trainer_state.json
6840	2026-06-09T19:43:23.5133276640	outputs/RuModernBERT-legal-mlm-20e/checkpoint-60000/training_args.bin
33270	2026-06-09T19:43:24.9129844100	outputs/RuModernBERT-legal-mlm-20e/checkpoint-60000/zero_to_fp32.py
2153	2026-06-09T20:58:53.2486269680	outputs/RuModernBERT-legal-mlm-20e/checkpoint-70000/config.json
224488752	2026-06-09T20:58:56.0336637630	outputs/RuModernBERT-legal-mlm-20e/checkpoint-70000/global_step70000/bf16_zero_pp_rank_0_mp_rank_00_optim_states.pt
224488816	2026-06-09T20:58:55.1522409150	outputs/RuModernBERT-legal-mlm-20e/checkpoint-70000/global_step70000/bf16_zero_pp_rank_1_mp_rank_00_optim_states.pt
224489776	2026-06-09T20:58:55.2751571790	outputs/RuModernBERT-legal-mlm-20e/checkpoint-70000/global_step70000/bf16_zero_pp_rank_2_mp_rank_00_optim_states.pt
224489136	2026-06-09T20:58:55.7280379760	outputs/RuModernBERT-legal-mlm-20e/checkpoint-70000/global_step70000/bf16_zero_pp_rank_3_mp_rank_00_optim_states.pt
224488880	2026-06-09T20:58:55.6429892710	outputs/RuModernBERT-legal-mlm-20e/checkpoint-70000/global_step70000/bf16_zero_pp_rank_4_mp_rank_00_optim_states.pt
224488944	2026-06-09T20:58:55.6249296190	outputs/RuModernBERT-legal-mlm-20e/checkpoint-70000/global_step70000/bf16_zero_pp_rank_5_mp_rank_00_optim_states.pt
224488944	2026-06-09T20:58:55.5758689220	outputs/RuModernBERT-legal-mlm-20e/checkpoint-70000/global_step70000/bf16_zero_pp_rank_6_mp_rank_00_optim_states.pt
224488880	2026-06-09T20:58:55.2283585810	outputs/RuModernBERT-legal-mlm-20e/checkpoint-70000/global_step70000/bf16_zero_pp_rank_7_mp_rank_00_optim_states.pt
299352760	2026-06-09T20:58:55.3661928490	outputs/RuModernBERT-legal-mlm-20e/checkpoint-70000/global_step70000/mp_rank_00_model_states.pt
16	2026-06-09T20:58:56.0421683540	outputs/RuModernBERT-legal-mlm-20e/checkpoint-70000/latest
376690048	2026-06-09T20:58:54.2007859630	outputs/RuModernBERT-legal-mlm-20e/checkpoint-70000/model.safetensors
15984	2026-06-09T20:58:56.0696578910	outputs/RuModernBERT-legal-mlm-20e/checkpoint-70000/rng_state_0.pth
15984	2026-06-09T20:58:56.0494468870	outputs/RuModernBERT-legal-mlm-20e/checkpoint-70000/rng_state_1.pth
15984	2026-06-09T20:58:56.0513726190	outputs/RuModernBERT-legal-mlm-20e/checkpoint-70000/rng_state_2.pth
15984	2026-06-09T20:58:56.0544777910	outputs/RuModernBERT-legal-mlm-20e/checkpoint-70000/rng_state_3.pth
15984	2026-06-09T20:58:56.0527785270	outputs/RuModernBERT-legal-mlm-20e/checkpoint-70000/rng_state_4.pth
15984	2026-06-09T20:58:56.0468198020	outputs/RuModernBERT-legal-mlm-20e/checkpoint-70000/rng_state_5.pth
15984	2026-06-09T20:58:56.0686724800	outputs/RuModernBERT-legal-mlm-20e/checkpoint-70000/rng_state_6.pth
15984	2026-06-09T20:58:56.0480897500	outputs/RuModernBERT-legal-mlm-20e/checkpoint-70000/rng_state_7.pth
1064	2026-06-09T20:58:56.0447174610	outputs/RuModernBERT-legal-mlm-20e/checkpoint-70000/scheduler.pt
837	2026-06-09T20:58:54.2163739090	outputs/RuModernBERT-legal-mlm-20e/checkpoint-70000/special_tokens_map.json
4752657	2026-06-09T20:58:54.2486178410	outputs/RuModernBERT-legal-mlm-20e/checkpoint-70000/tokenizer.json
19940	2026-06-09T20:58:54.2144526370	outputs/RuModernBERT-legal-mlm-20e/checkpoint-70000/tokenizer_config.json
124876	2026-06-09T20:58:56.0885129460	outputs/RuModernBERT-legal-mlm-20e/checkpoint-70000/trainer_state.json
6840	2026-06-09T20:58:54.2605916610	outputs/RuModernBERT-legal-mlm-20e/checkpoint-70000/training_args.bin
33270	2026-06-09T20:58:56.0385916480	outputs/RuModernBERT-legal-mlm-20e/checkpoint-70000/zero_to_fp32.py
2153	2026-06-09T22:14:39.7937701640	outputs/RuModernBERT-legal-mlm-20e/checkpoint-80000/config.json
224488752	2026-06-09T22:14:42.5411099950	outputs/RuModernBERT-legal-mlm-20e/checkpoint-80000/global_step80000/bf16_zero_pp_rank_0_mp_rank_00_optim_states.pt
224488816	2026-06-09T22:14:41.7907808380	outputs/RuModernBERT-legal-mlm-20e/checkpoint-80000/global_step80000/bf16_zero_pp_rank_1_mp_rank_00_optim_states.pt
224489776	2026-06-09T22:14:41.7885049790	outputs/RuModernBERT-legal-mlm-20e/checkpoint-80000/global_step80000/bf16_zero_pp_rank_2_mp_rank_00_optim_states.pt
224489136	2026-06-09T22:14:41.8588657000	outputs/RuModernBERT-legal-mlm-20e/checkpoint-80000/global_step80000/bf16_zero_pp_rank_3_mp_rank_00_optim_states.pt
224488880	2026-06-09T22:14:42.0781149980	outputs/RuModernBERT-legal-mlm-20e/checkpoint-80000/global_step80000/bf16_zero_pp_rank_4_mp_rank_00_optim_states.pt
224488944	2026-06-09T22:14:41.6785593940	outputs/RuModernBERT-legal-mlm-20e/checkpoint-80000/global_step80000/bf16_zero_pp_rank_5_mp_rank_00_optim_states.pt
224488944	2026-06-09T22:14:41.6369667480	outputs/RuModernBERT-legal-mlm-20e/checkpoint-80000/global_step80000/bf16_zero_pp_rank_6_mp_rank_00_optim_states.pt
224488880	2026-06-09T22:14:41.7397431700	outputs/RuModernBERT-legal-mlm-20e/checkpoint-80000/global_step80000/bf16_zero_pp_rank_7_mp_rank_00_optim_states.pt
299352760	2026-06-09T22:14:41.9430351340	outputs/RuModernBERT-legal-mlm-20e/checkpoint-80000/global_step80000/mp_rank_00_model_states.pt
16	2026-06-09T22:14:42.5489308030	outputs/RuModernBERT-legal-mlm-20e/checkpoint-80000/latest
376690048	2026-06-09T22:14:40.7298544870	outputs/RuModernBERT-legal-mlm-20e/checkpoint-80000/model.safetensors
15984	2026-06-09T22:14:42.5629445240	outputs/RuModernBERT-legal-mlm-20e/checkpoint-80000/rng_state_0.pth
15984	2026-06-09T22:14:42.5545734110	outputs/RuModernBERT-legal-mlm-20e/checkpoint-80000/rng_state_1.pth
15984	2026-06-09T22:14:42.5568202000	outputs/RuModernBERT-legal-mlm-20e/checkpoint-80000/rng_state_2.pth
15984	2026-06-09T22:14:42.5627477060	outputs/RuModernBERT-legal-mlm-20e/checkpoint-80000/rng_state_3.pth
15984	2026-06-09T22:14:42.5615020870	outputs/RuModernBERT-legal-mlm-20e/checkpoint-80000/rng_state_4.pth
15984	2026-06-09T22:14:42.5590683500	outputs/RuModernBERT-legal-mlm-20e/checkpoint-80000/rng_state_5.pth
15984	2026-06-09T22:14:42.5572279870	outputs/RuModernBERT-legal-mlm-20e/checkpoint-80000/rng_state_6.pth
15984	2026-06-09T22:14:42.5535945400	outputs/RuModernBERT-legal-mlm-20e/checkpoint-80000/rng_state_7.pth
1064	2026-06-09T22:14:42.5514649200	outputs/RuModernBERT-legal-mlm-20e/checkpoint-80000/scheduler.pt
837	2026-06-09T22:14:40.7445044620	outputs/RuModernBERT-legal-mlm-20e/checkpoint-80000/special_tokens_map.json
4752657	2026-06-09T22:14:40.7762775490	outputs/RuModernBERT-legal-mlm-20e/checkpoint-80000/tokenizer.json
19940	2026-06-09T22:14:40.7427032690	outputs/RuModernBERT-legal-mlm-20e/checkpoint-80000/tokenizer_config.json
142555	2026-06-09T22:14:42.5842133980	outputs/RuModernBERT-legal-mlm-20e/checkpoint-80000/trainer_state.json
6840	2026-06-09T22:14:40.7793160210	outputs/RuModernBERT-legal-mlm-20e/checkpoint-80000/training_args.bin
33270	2026-06-09T22:14:42.5456705730	outputs/RuModernBERT-legal-mlm-20e/checkpoint-80000/zero_to_fp32.py
2153	2026-06-09T23:30:44.4820474840	outputs/RuModernBERT-legal-mlm-20e/checkpoint-90000/config.json
224488752	2026-06-09T23:30:46.7609955980	outputs/RuModernBERT-legal-mlm-20e/checkpoint-90000/global_step90000/bf16_zero_pp_rank_0_mp_rank_00_optim_states.pt
224488816	2026-06-09T23:30:46.1265491470	outputs/RuModernBERT-legal-mlm-20e/checkpoint-90000/global_step90000/bf16_zero_pp_rank_1_mp_rank_00_optim_states.pt
224489776	2026-06-09T23:30:46.6436705770	outputs/RuModernBERT-legal-mlm-20e/checkpoint-90000/global_step90000/bf16_zero_pp_rank_2_mp_rank_00_optim_states.pt
224489136	2026-06-09T23:30:46.8506240560	outputs/RuModernBERT-legal-mlm-20e/checkpoint-90000/global_step90000/bf16_zero_pp_rank_3_mp_rank_00_optim_states.pt
224488880	2026-06-09T23:30:46.5944927530	outputs/RuModernBERT-legal-mlm-20e/checkpoint-90000/global_step90000/bf16_zero_pp_rank_4_mp_rank_00_optim_states.pt
224488944	2026-06-09T23:30:46.7441407940	outputs/RuModernBERT-legal-mlm-20e/checkpoint-90000/global_step90000/bf16_zero_pp_rank_5_mp_rank_00_optim_states.pt
224488944	2026-06-09T23:30:46.6668453420	outputs/RuModernBERT-legal-mlm-20e/checkpoint-90000/global_step90000/bf16_zero_pp_rank_6_mp_rank_00_optim_states.pt
224488880	2026-06-09T23:30:46.0421658710	outputs/RuModernBERT-legal-mlm-20e/checkpoint-90000/global_step90000/bf16_zero_pp_rank_7_mp_rank_00_optim_states.pt
299352760	2026-06-09T23:30:46.2949240140	outputs/RuModernBERT-legal-mlm-20e/checkpoint-90000/global_step90000/mp_rank_00_model_states.pt
16	2026-06-09T23:30:46.7745456820	outputs/RuModernBERT-legal-mlm-20e/checkpoint-90000/latest
376690048	2026-06-09T23:30:45.3793389840	outputs/RuModernBERT-legal-mlm-20e/checkpoint-90000/model.safetensors
15984	2026-06-09T23:30:46.8640971100	outputs/RuModernBERT-legal-mlm-20e/checkpoint-90000/rng_state_0.pth
15984	2026-06-09T23:30:46.8590585470	outputs/RuModernBERT-legal-mlm-20e/checkpoint-90000/rng_state_1.pth
15984	2026-06-09T23:30:46.8609420100	outputs/RuModernBERT-legal-mlm-20e/checkpoint-90000/rng_state_2.pth
15984	2026-06-09T23:30:46.8624055460	outputs/RuModernBERT-legal-mlm-20e/checkpoint-90000/rng_state_3.pth
15984	2026-06-09T23:30:46.8643563280	outputs/RuModernBERT-legal-mlm-20e/checkpoint-90000/rng_state_4.pth
15984	2026-06-09T23:30:46.8574653020	outputs/RuModernBERT-legal-mlm-20e/checkpoint-90000/rng_state_5.pth
15984	2026-06-09T23:30:46.8553909310	outputs/RuModernBERT-legal-mlm-20e/checkpoint-90000/rng_state_6.pth
15984	2026-06-09T23:30:46.8564134420	outputs/RuModernBERT-legal-mlm-20e/checkpoint-90000/rng_state_7.pth
1064	2026-06-09T23:30:46.8537753570	outputs/RuModernBERT-legal-mlm-20e/checkpoint-90000/scheduler.pt
837	2026-06-09T23:30:45.3963778660	outputs/RuModernBERT-legal-mlm-20e/checkpoint-90000/special_tokens_map.json
4752657	2026-06-09T23:30:45.4289750430	outputs/RuModernBERT-legal-mlm-20e/checkpoint-90000/tokenizer.json
19940	2026-06-09T23:30:45.3943269550	outputs/RuModernBERT-legal-mlm-20e/checkpoint-90000/tokenizer_config.json
160233	2026-06-09T23:30:46.8888150110	outputs/RuModernBERT-legal-mlm-20e/checkpoint-90000/trainer_state.json
6840	2026-06-09T23:30:45.4322776530	outputs/RuModernBERT-legal-mlm-20e/checkpoint-90000/training_args.bin
33270	2026-06-09T23:30:46.7704502400	outputs/RuModernBERT-legal-mlm-20e/checkpoint-90000/zero_to_fp32.py
2153	2026-06-10T14:42:44.9192077520	outputs/RuModernBERT-legal-mlm-20e/config.json
376690048	2026-06-10T14:42:45.4936887740	outputs/RuModernBERT-legal-mlm-20e/model.safetensors
12462	2026-06-09T11:48:10.1586174370	outputs/RuModernBERT-legal-mlm-20e/runs/Jun09_11-43-37_t2n1/events.out.tfevents.1780994630.t2n1.917616.0
9191	2026-06-09T12:04:59.6579457590	outputs/RuModernBERT-legal-mlm-20e/runs/Jun09_11-55-27_t2n1/events.out.tfevents.1780995335.t2n1.919881.0
6607	2026-06-09T12:06:22.6165721550	outputs/RuModernBERT-legal-mlm-20e/runs/Jun09_12-06-13_t2n1/events.out.tfevents.1780995982.t2n1.922041.0
463600	2026-06-10T14:42:44.3127775760	outputs/RuModernBERT-legal-mlm-20e/runs/Jun09_12-08-57_t2n1/events.out.tfevents.1780996147.t2n1.923203.0
837	2026-06-10T14:42:45.5679575980	outputs/RuModernBERT-legal-mlm-20e/special_tokens_map.json
4752657	2026-06-10T14:42:45.6103552370	outputs/RuModernBERT-legal-mlm-20e/tokenizer.json
19940	2026-06-10T14:42:45.5660630060	outputs/RuModernBERT-legal-mlm-20e/tokenizer_config.json
6840	2026-06-10T14:42:45.5618466750	outputs/RuModernBERT-legal-mlm-20e/training_args.bin
2153	2026-06-09T11:24:27.2279740800	outputs/RuModernBERT-legal-mlm/checkpoint-2/config.json
224488752	2026-06-09T11:24:30.4891536100	outputs/RuModernBERT-legal-mlm/checkpoint-2/global_step2/bf16_zero_pp_rank_0_mp_rank_00_optim_states.pt
224488816	2026-06-09T11:24:28.9849680700	outputs/RuModernBERT-legal-mlm/checkpoint-2/global_step2/bf16_zero_pp_rank_1_mp_rank_00_optim_states.pt
224489776	2026-06-09T11:24:29.3386713220	outputs/RuModernBERT-legal-mlm/checkpoint-2/global_step2/bf16_zero_pp_rank_2_mp_rank_00_optim_states.pt
224489136	2026-06-09T11:24:29.8747296340	outputs/RuModernBERT-legal-mlm/checkpoint-2/global_step2/bf16_zero_pp_rank_3_mp_rank_00_optim_states.pt
224488880	2026-06-09T11:24:28.9651854590	outputs/RuModernBERT-legal-mlm/checkpoint-2/global_step2/bf16_zero_pp_rank_4_mp_rank_00_optim_states.pt
224488944	2026-06-09T11:24:29.2427068940	outputs/RuModernBERT-legal-mlm/checkpoint-2/global_step2/bf16_zero_pp_rank_5_mp_rank_00_optim_states.pt
224488944	2026-06-09T11:24:29.8590657720	outputs/RuModernBERT-legal-mlm/checkpoint-2/global_step2/bf16_zero_pp_rank_6_mp_rank_00_optim_states.pt
224488880	2026-06-09T11:24:28.9539582850	outputs/RuModernBERT-legal-mlm/checkpoint-2/global_step2/bf16_zero_pp_rank_7_mp_rank_00_optim_states.pt
299352760	2026-06-09T11:24:29.6050634440	outputs/RuModernBERT-legal-mlm/checkpoint-2/global_step2/mp_rank_00_model_states.pt
12	2026-06-09T11:24:30.4978871080	outputs/RuModernBERT-legal-mlm/checkpoint-2/latest
376690048	2026-06-09T11:24:28.0844720490	outputs/RuModernBERT-legal-mlm/checkpoint-2/model.safetensors
15984	2026-06-09T11:24:30.5049309510	outputs/RuModernBERT-legal-mlm/checkpoint-2/rng_state_0.pth
15984	2026-06-09T11:24:30.5024745340	outputs/RuModernBERT-legal-mlm/checkpoint-2/rng_state_1.pth
15984	2026-06-09T11:24:30.5030468190	outputs/RuModernBERT-legal-mlm/checkpoint-2/rng_state_2.pth
15984	2026-06-09T11:24:30.5043405660	outputs/RuModernBERT-legal-mlm/checkpoint-2/rng_state_3.pth
15984	2026-06-09T11:24:30.5015191930	outputs/RuModernBERT-legal-mlm/checkpoint-2/rng_state_4.pth
15984	2026-06-09T11:24:30.5021778770	outputs/RuModernBERT-legal-mlm/checkpoint-2/rng_state_5.pth
15984	2026-06-09T11:24:30.5037847920	outputs/RuModernBERT-legal-mlm/checkpoint-2/rng_state_6.pth
15984	2026-06-09T11:24:30.5018691100	outputs/RuModernBERT-legal-mlm/checkpoint-2/rng_state_7.pth
1064	2026-06-09T11:24:30.5008931790	outputs/RuModernBERT-legal-mlm/checkpoint-2/scheduler.pt
837	2026-06-09T11:24:28.1122837050	outputs/RuModernBERT-legal-mlm/checkpoint-2/special_tokens_map.json
4752657	2026-06-09T11:24:28.1902813050	outputs/RuModernBERT-legal-mlm/checkpoint-2/tokenizer.json
19940	2026-06-09T11:24:28.1107789200	outputs/RuModernBERT-legal-mlm/checkpoint-2/tokenizer_config.json
781	2026-06-09T11:24:30.5068437930	outputs/RuModernBERT-legal-mlm/checkpoint-2/trainer_state.json
6840	2026-06-09T11:24:28.1965360450	outputs/RuModernBERT-legal-mlm/checkpoint-2/training_args.bin
33270	2026-06-09T11:24:30.4922113910	outputs/RuModernBERT-legal-mlm/checkpoint-2/zero_to_fp32.py
2153	2026-06-09T11:24:31.1488607580	outputs/RuModernBERT-legal-mlm/config.json
376690048	2026-06-09T11:24:32.1765292220	outputs/RuModernBERT-legal-mlm/model.safetensors
6694	2026-06-08T01:13:34.7596560780	outputs/RuModernBERT-legal-mlm/runs/Jun08_01-13-22_t2n1/events.out.tfevents.1780870414.t2n1.839496.0
6693	2026-06-08T01:15:25.3337279380	outputs/RuModernBERT-legal-mlm/runs/Jun08_01-15-14_t2n1/events.out.tfevents.1780870525.t2n1.840988.0
7041	2026-06-08T01:19:34.4262464570	outputs/RuModernBERT-legal-mlm/runs/Jun08_01-19-03_t2n1/events.out.tfevents.1780870750.t2n1.842114.0
6928	2026-06-09T11:19:23.5721238070	outputs/RuModernBERT-legal-mlm/runs/Jun09_11-18-47_t2n1/events.out.tfevents.1780993140.t2n1.909296.0
6928	2026-06-09T11:24:30.5232725770	outputs/RuModernBERT-legal-mlm/runs/Jun09_11-23-50_t2n1/events.out.tfevents.1780993442.t2n1.911093.0
837	2026-06-09T11:24:32.3001862180	outputs/RuModernBERT-legal-mlm/special_tokens_map.json
4752657	2026-06-09T11:24:32.3730098560	outputs/RuModernBERT-legal-mlm/tokenizer.json
19940	2026-06-09T11:24:32.2984425340	outputs/RuModernBERT-legal-mlm/tokenizer_config.json
6840	2026-06-09T11:24:32.2892031520	outputs/RuModernBERT-legal-mlm/training_args.bin
228790320	2026-06-13T22:08:59.0988049380	outputs/RuModernBERT-legal-multitask-heads/checkpoint-10000/global_step10000/bf16_zero_pp_rank_0_mp_rank_00_optim_states.pt
228790320	2026-06-13T22:08:57.7219305810	outputs/RuModernBERT-legal-multitask-heads/checkpoint-10000/global_step10000/bf16_zero_pp_rank_1_mp_rank_00_optim_states.pt
228791344	2026-06-13T22:08:57.9569513260	outputs/RuModernBERT-legal-multitask-heads/checkpoint-10000/global_step10000/bf16_zero_pp_rank_2_mp_rank_00_optim_states.pt
228791344	2026-06-13T22:08:58.5527457590	outputs/RuModernBERT-legal-multitask-heads/checkpoint-10000/global_step10000/bf16_zero_pp_rank_3_mp_rank_00_optim_states.pt
228791216	2026-06-13T22:08:58.3683589380	outputs/RuModernBERT-legal-multitask-heads/checkpoint-10000/global_step10000/bf16_zero_pp_rank_4_mp_rank_00_optim_states.pt
228791408	2026-06-13T22:08:58.5367586990	outputs/RuModernBERT-legal-multitask-heads/checkpoint-10000/global_step10000/bf16_zero_pp_rank_5_mp_rank_00_optim_states.pt
228791280	2026-06-13T22:08:58.7155851520	outputs/RuModernBERT-legal-multitask-heads/checkpoint-10000/global_step10000/bf16_zero_pp_rank_6_mp_rank_00_optim_states.pt
228791024	2026-06-13T22:08:58.3639960090	outputs/RuModernBERT-legal-multitask-heads/checkpoint-10000/global_step10000/bf16_zero_pp_rank_7_mp_rank_00_optim_states.pt
305090168	2026-06-13T22:08:58.4072860530	outputs/RuModernBERT-legal-multitask-heads/checkpoint-10000/global_step10000/mp_rank_00_model_states.pt
16	2026-06-13T22:08:59.1074033370	outputs/RuModernBERT-legal-multitask-heads/checkpoint-10000/latest
305061214	2026-06-13T22:08:57.1269801400	outputs/RuModernBERT-legal-multitask-heads/checkpoint-10000/model.safetensors
15984	2026-06-13T22:08:59.1330074270	outputs/RuModernBERT-legal-multitask-heads/checkpoint-10000/rng_state_0.pth
15984	2026-06-13T22:08:59.1160885360	outputs/RuModernBERT-legal-multitask-heads/checkpoint-10000/rng_state_1.pth
15984	2026-06-13T22:08:59.1134329710	outputs/RuModernBERT-legal-multitask-heads/checkpoint-10000/rng_state_2.pth
15984	2026-06-13T22:08:59.1123447010	outputs/RuModernBERT-legal-multitask-heads/checkpoint-10000/rng_state_3.pth
15984	2026-06-13T22:08:59.1183583940	outputs/RuModernBERT-legal-multitask-heads/checkpoint-10000/rng_state_4.pth
15984	2026-06-13T22:08:59.1147169790	outputs/RuModernBERT-legal-multitask-heads/checkpoint-10000/rng_state_5.pth
15984	2026-06-13T22:08:59.1193406250	outputs/RuModernBERT-legal-multitask-heads/checkpoint-10000/rng_state_6.pth
15984	2026-06-13T22:08:59.1209798600	outputs/RuModernBERT-legal-multitask-heads/checkpoint-10000/rng_state_7.pth
1064	2026-06-13T22:08:59.1105287080	outputs/RuModernBERT-legal-multitask-heads/checkpoint-10000/scheduler.pt
837	2026-06-13T22:08:57.1589667000	outputs/RuModernBERT-legal-multitask-heads/checkpoint-10000/special_tokens_map.json
4752657	2026-06-13T22:08:57.2254416560	outputs/RuModernBERT-legal-multitask-heads/checkpoint-10000/tokenizer.json
19940	2026-06-13T22:08:57.1567196310	outputs/RuModernBERT-legal-multitask-heads/checkpoint-10000/tokenizer_config.json
18848	2026-06-13T22:08:59.1431473120	outputs/RuModernBERT-legal-multitask-heads/checkpoint-10000/trainer_state.json
6840	2026-06-13T22:08:57.2295968380	outputs/RuModernBERT-legal-multitask-heads/checkpoint-10000/training_args.bin
33270	2026-06-13T22:08:59.1036757520	outputs/RuModernBERT-legal-multitask-heads/checkpoint-10000/zero_to_fp32.py
228790320	2026-06-13T22:26:38.5737569520	outputs/RuModernBERT-legal-multitask-heads/checkpoint-15000/global_step15000/bf16_zero_pp_rank_0_mp_rank_00_optim_states.pt
228790320	2026-06-13T22:26:36.8927500090	outputs/RuModernBERT-legal-multitask-heads/checkpoint-15000/global_step15000/bf16_zero_pp_rank_1_mp_rank_00_optim_states.pt
228791344	2026-06-13T22:26:36.6339971870	outputs/RuModernBERT-legal-multitask-heads/checkpoint-15000/global_step15000/bf16_zero_pp_rank_2_mp_rank_00_optim_states.pt
228791344	2026-06-13T22:26:37.5308378370	outputs/RuModernBERT-legal-multitask-heads/checkpoint-15000/global_step15000/bf16_zero_pp_rank_3_mp_rank_00_optim_states.pt
228791216	2026-06-13T22:26:37.8241963960	outputs/RuModernBERT-legal-multitask-heads/checkpoint-15000/global_step15000/bf16_zero_pp_rank_4_mp_rank_00_optim_states.pt
228791408	2026-06-13T22:26:37.5055533630	outputs/RuModernBERT-legal-multitask-heads/checkpoint-15000/global_step15000/bf16_zero_pp_rank_5_mp_rank_00_optim_states.pt
228791280	2026-06-13T22:26:37.6931591200	outputs/RuModernBERT-legal-multitask-heads/checkpoint-15000/global_step15000/bf16_zero_pp_rank_6_mp_rank_00_optim_states.pt
228791024	2026-06-13T22:26:37.8358329270	outputs/RuModernBERT-legal-multitask-heads/checkpoint-15000/global_step15000/bf16_zero_pp_rank_7_mp_rank_00_optim_states.pt
305090168	2026-06-13T22:26:37.4069773950	outputs/RuModernBERT-legal-multitask-heads/checkpoint-15000/global_step15000/mp_rank_00_model_states.pt
16	2026-06-13T22:26:38.6013734240	outputs/RuModernBERT-legal-multitask-heads/checkpoint-15000/latest
305061214	2026-06-13T22:26:36.0309664310	outputs/RuModernBERT-legal-multitask-heads/checkpoint-15000/model.safetensors
15984	2026-06-13T22:26:38.6276319390	outputs/RuModernBERT-legal-multitask-heads/checkpoint-15000/rng_state_0.pth
15984	2026-06-13T22:26:38.6236196370	outputs/RuModernBERT-legal-multitask-heads/checkpoint-15000/rng_state_1.pth
15984	2026-06-13T22:26:38.6246201070	outputs/RuModernBERT-legal-multitask-heads/checkpoint-15000/rng_state_2.pth
15984	2026-06-13T22:26:38.6182805070	outputs/RuModernBERT-legal-multitask-heads/checkpoint-15000/rng_state_3.pth
15984	2026-06-13T22:26:38.6233155400	outputs/RuModernBERT-legal-multitask-heads/checkpoint-15000/rng_state_4.pth
15984	2026-06-13T22:26:38.6052859080	outputs/RuModernBERT-legal-multitask-heads/checkpoint-15000/rng_state_5.pth
15984	2026-06-13T22:26:38.6223158790	outputs/RuModernBERT-legal-multitask-heads/checkpoint-15000/rng_state_6.pth
15984	2026-06-13T22:26:38.6266614080	outputs/RuModernBERT-legal-multitask-heads/checkpoint-15000/rng_state_7.pth
1064	2026-06-13T22:26:38.6192637370	outputs/RuModernBERT-legal-multitask-heads/checkpoint-15000/scheduler.pt
837	2026-06-13T22:26:36.0599217910	outputs/RuModernBERT-legal-multitask-heads/checkpoint-15000/special_tokens_map.json
4752657	2026-06-13T22:26:36.1354711750	outputs/RuModernBERT-legal-multitask-heads/checkpoint-15000/tokenizer.json
19940	2026-06-13T22:26:36.0574905430	outputs/RuModernBERT-legal-multitask-heads/checkpoint-15000/tokenizer_config.json
27887	2026-06-13T22:26:38.6413897610	outputs/RuModernBERT-legal-multitask-heads/checkpoint-15000/trainer_state.json
6840	2026-06-13T22:26:36.1442522730	outputs/RuModernBERT-legal-multitask-heads/checkpoint-15000/training_args.bin
33270	2026-06-13T22:26:38.5973068130	outputs/RuModernBERT-legal-multitask-heads/checkpoint-15000/zero_to_fp32.py
228790320	2026-06-13T22:44:20.1736566910	outputs/RuModernBERT-legal-multitask-heads/checkpoint-20000/global_step20000/bf16_zero_pp_rank_0_mp_rank_00_optim_states.pt
228790320	2026-06-13T22:44:18.9674836670	outputs/RuModernBERT-legal-multitask-heads/checkpoint-20000/global_step20000/bf16_zero_pp_rank_1_mp_rank_00_optim_states.pt
228791344	2026-06-13T22:44:18.7037204670	outputs/RuModernBERT-legal-multitask-heads/checkpoint-20000/global_step20000/bf16_zero_pp_rank_2_mp_rank_00_optim_states.pt
228791344	2026-06-13T22:44:19.3456660350	outputs/RuModernBERT-legal-multitask-heads/checkpoint-20000/global_step20000/bf16_zero_pp_rank_3_mp_rank_00_optim_states.pt
228791216	2026-06-13T22:44:19.3577621920	outputs/RuModernBERT-legal-multitask-heads/checkpoint-20000/global_step20000/bf16_zero_pp_rank_4_mp_rank_00_optim_states.pt
228791408	2026-06-13T22:44:19.3309307430	outputs/RuModernBERT-legal-multitask-heads/checkpoint-20000/global_step20000/bf16_zero_pp_rank_5_mp_rank_00_optim_states.pt
228791280	2026-06-13T22:44:19.4894650180	outputs/RuModernBERT-legal-multitask-heads/checkpoint-20000/global_step20000/bf16_zero_pp_rank_6_mp_rank_00_optim_states.pt
228791024	2026-06-13T22:44:19.3551187570	outputs/RuModernBERT-legal-multitask-heads/checkpoint-20000/global_step20000/bf16_zero_pp_rank_7_mp_rank_00_optim_states.pt
305090168	2026-06-13T22:44:19.4102041310	outputs/RuModernBERT-legal-multitask-heads/checkpoint-20000/global_step20000/mp_rank_00_model_states.pt
16	2026-06-13T22:44:20.1848118160	outputs/RuModernBERT-legal-multitask-heads/checkpoint-20000/latest
305061214	2026-06-13T22:44:17.8804615270	outputs/RuModernBERT-legal-multitask-heads/checkpoint-20000/model.safetensors
15984	2026-06-13T22:44:20.1987741560	outputs/RuModernBERT-legal-multitask-heads/checkpoint-20000/rng_state_0.pth
15984	2026-06-13T22:44:20.1935414040	outputs/RuModernBERT-legal-multitask-heads/checkpoint-20000/rng_state_1.pth
15984	2026-06-13T22:44:20.1894890720	outputs/RuModernBERT-legal-multitask-heads/checkpoint-20000/rng_state_2.pth
15984	2026-06-13T22:44:20.1921322180	outputs/RuModernBERT-legal-multitask-heads/checkpoint-20000/rng_state_3.pth
15984	2026-06-13T22:44:20.1978181550	outputs/RuModernBERT-legal-multitask-heads/checkpoint-20000/rng_state_4.pth
15984	2026-06-13T22:44:20.1882830140	outputs/RuModernBERT-legal-multitask-heads/checkpoint-20000/rng_state_5.pth
15984	2026-06-13T22:44:20.1953577570	outputs/RuModernBERT-legal-multitask-heads/checkpoint-20000/rng_state_6.pth
15984	2026-06-13T22:44:20.1964308170	outputs/RuModernBERT-legal-multitask-heads/checkpoint-20000/rng_state_7.pth
1064	2026-06-13T22:44:20.1901195260	outputs/RuModernBERT-legal-multitask-heads/checkpoint-20000/scheduler.pt
837	2026-06-13T22:44:17.9099602910	outputs/RuModernBERT-legal-multitask-heads/checkpoint-20000/special_tokens_map.json
4752657	2026-06-13T22:44:17.9831797150	outputs/RuModernBERT-legal-multitask-heads/checkpoint-20000/tokenizer.json
19940	2026-06-13T22:44:17.9078083910	outputs/RuModernBERT-legal-multitask-heads/checkpoint-20000/tokenizer_config.json
36938	2026-06-13T22:44:20.2169798550	outputs/RuModernBERT-legal-multitask-heads/checkpoint-20000/trainer_state.json
6840	2026-06-13T22:44:17.9894703360	outputs/RuModernBERT-legal-multitask-heads/checkpoint-20000/training_args.bin
33270	2026-06-13T22:44:20.1792051290	outputs/RuModernBERT-legal-multitask-heads/checkpoint-20000/zero_to_fp32.py
228790320	2026-06-13T22:53:45.0595333790	outputs/RuModernBERT-legal-multitask-heads/checkpoint-22665/global_step22665/bf16_zero_pp_rank_0_mp_rank_00_optim_states.pt
228790320	2026-06-13T22:53:43.8456450280	outputs/RuModernBERT-legal-multitask-heads/checkpoint-22665/global_step22665/bf16_zero_pp_rank_1_mp_rank_00_optim_states.pt
228791344	2026-06-13T22:53:43.9421713840	outputs/RuModernBERT-legal-multitask-heads/checkpoint-22665/global_step22665/bf16_zero_pp_rank_2_mp_rank_00_optim_states.pt
228791344	2026-06-13T22:53:44.4119026700	outputs/RuModernBERT-legal-multitask-heads/checkpoint-22665/global_step22665/bf16_zero_pp_rank_3_mp_rank_00_optim_states.pt
228791216	2026-06-13T22:53:44.4211638030	outputs/RuModernBERT-legal-multitask-heads/checkpoint-22665/global_step22665/bf16_zero_pp_rank_4_mp_rank_00_optim_states.pt
228791408	2026-06-13T22:53:44.4030909420	outputs/RuModernBERT-legal-multitask-heads/checkpoint-22665/global_step22665/bf16_zero_pp_rank_5_mp_rank_00_optim_states.pt
228791280	2026-06-13T22:53:44.5869257490	outputs/RuModernBERT-legal-multitask-heads/checkpoint-22665/global_step22665/bf16_zero_pp_rank_6_mp_rank_00_optim_states.pt
228791024	2026-06-13T22:53:44.4238796770	outputs/RuModernBERT-legal-multitask-heads/checkpoint-22665/global_step22665/bf16_zero_pp_rank_7_mp_rank_00_optim_states.pt
305090168	2026-06-13T22:53:44.3803342760	outputs/RuModernBERT-legal-multitask-heads/checkpoint-22665/global_step22665/mp_rank_00_model_states.pt
16	2026-06-13T22:53:45.0682521570	outputs/RuModernBERT-legal-multitask-heads/checkpoint-22665/latest
305061214	2026-06-13T22:53:43.0231476890	outputs/RuModernBERT-legal-multitask-heads/checkpoint-22665/model.safetensors
15984	2026-06-13T22:53:45.0823060750	outputs/RuModernBERT-legal-multitask-heads/checkpoint-22665/rng_state_0.pth
15984	2026-06-13T22:53:45.0753279200	outputs/RuModernBERT-legal-multitask-heads/checkpoint-22665/rng_state_1.pth
15984	2026-06-13T22:53:45.0727951840	outputs/RuModernBERT-legal-multitask-heads/checkpoint-22665/rng_state_2.pth
15984	2026-06-13T22:53:45.0767902570	outputs/RuModernBERT-legal-multitask-heads/checkpoint-22665/rng_state_3.pth
15984	2026-06-13T22:53:45.0800566960	outputs/RuModernBERT-legal-multitask-heads/checkpoint-22665/rng_state_4.pth
15984	2026-06-13T22:53:45.0738226850	outputs/RuModernBERT-legal-multitask-heads/checkpoint-22665/rng_state_5.pth
15984	2026-06-13T22:53:45.0790089660	outputs/RuModernBERT-legal-multitask-heads/checkpoint-22665/rng_state_6.pth
15984	2026-06-13T22:53:45.0813484240	outputs/RuModernBERT-legal-multitask-heads/checkpoint-22665/rng_state_7.pth
1064	2026-06-13T22:53:45.0710894900	outputs/RuModernBERT-legal-multitask-heads/checkpoint-22665/scheduler.pt
837	2026-06-13T22:53:43.0526613520	outputs/RuModernBERT-legal-multitask-heads/checkpoint-22665/special_tokens_map.json
4752657	2026-06-13T22:53:43.1270236650	outputs/RuModernBERT-legal-multitask-heads/checkpoint-22665/tokenizer.json
19940	2026-06-13T22:53:43.0505276120	outputs/RuModernBERT-legal-multitask-heads/checkpoint-22665/tokenizer_config.json
41514	2026-06-13T22:53:45.0993756350	outputs/RuModernBERT-legal-multitask-heads/checkpoint-22665/trainer_state.json
6840	2026-06-13T22:53:43.1332348370	outputs/RuModernBERT-legal-multitask-heads/checkpoint-22665/training_args.bin
33270	2026-06-13T22:53:45.0641286950	outputs/RuModernBERT-legal-multitask-heads/checkpoint-22665/zero_to_fp32.py
228790320	2026-06-13T21:51:13.1755739310	outputs/RuModernBERT-legal-multitask-heads/checkpoint-5000/global_step5000/bf16_zero_pp_rank_0_mp_rank_00_optim_states.pt
228790320	2026-06-13T21:51:11.6845753820	outputs/RuModernBERT-legal-multitask-heads/checkpoint-5000/global_step5000/bf16_zero_pp_rank_1_mp_rank_00_optim_states.pt
228791344	2026-06-13T21:51:11.3446076100	outputs/RuModernBERT-legal-multitask-heads/checkpoint-5000/global_step5000/bf16_zero_pp_rank_2_mp_rank_00_optim_states.pt
228791344	2026-06-13T21:51:12.1805410310	outputs/RuModernBERT-legal-multitask-heads/checkpoint-5000/global_step5000/bf16_zero_pp_rank_3_mp_rank_00_optim_states.pt
228791216	2026-06-13T21:51:12.4724278790	outputs/RuModernBERT-legal-multitask-heads/checkpoint-5000/global_step5000/bf16_zero_pp_rank_4_mp_rank_00_optim_states.pt
228791408	2026-06-13T21:51:12.1634774130	outputs/RuModernBERT-legal-multitask-heads/checkpoint-5000/global_step5000/bf16_zero_pp_rank_5_mp_rank_00_optim_states.pt
228791280	2026-06-13T21:51:12.3372107730	outputs/RuModernBERT-legal-multitask-heads/checkpoint-5000/global_step5000/bf16_zero_pp_rank_6_mp_rank_00_optim_states.pt
228791024	2026-06-13T21:51:12.4604402530	outputs/RuModernBERT-legal-multitask-heads/checkpoint-5000/global_step5000/bf16_zero_pp_rank_7_mp_rank_00_optim_states.pt
305090168	2026-06-13T21:51:12.1949118250	outputs/RuModernBERT-legal-multitask-heads/checkpoint-5000/global_step5000/mp_rank_00_model_states.pt
15	2026-06-13T21:51:13.1858596830	outputs/RuModernBERT-legal-multitask-heads/checkpoint-5000/latest
305061214	2026-06-13T21:51:10.7461227840	outputs/RuModernBERT-legal-multitask-heads/checkpoint-5000/model.safetensors
15984	2026-06-13T21:51:13.2241960500	outputs/RuModernBERT-legal-multitask-heads/checkpoint-5000/rng_state_0.pth
15984	2026-06-13T21:51:13.1906485080	outputs/RuModernBERT-legal-multitask-heads/checkpoint-5000/rng_state_1.pth
15984	2026-06-13T21:51:13.1938546070	outputs/RuModernBERT-legal-multitask-heads/checkpoint-5000/rng_state_2.pth
15984	2026-06-13T21:51:13.1892073520	outputs/RuModernBERT-legal-multitask-heads/checkpoint-5000/rng_state_3.pth
15984	2026-06-13T21:51:13.2240960200	outputs/RuModernBERT-legal-multitask-heads/checkpoint-5000/rng_state_4.pth
15984	2026-06-13T21:51:13.1952491540	outputs/RuModernBERT-legal-multitask-heads/checkpoint-5000/rng_state_5.pth
15984	2026-06-13T21:51:13.2248512730	outputs/RuModernBERT-legal-multitask-heads/checkpoint-5000/rng_state_6.pth
15984	2026-06-13T21:51:13.1975744220	outputs/RuModernBERT-legal-multitask-heads/checkpoint-5000/rng_state_7.pth
1064	2026-06-13T21:51:13.1913707310	outputs/RuModernBERT-legal-multitask-heads/checkpoint-5000/scheduler.pt
837	2026-06-13T21:51:10.7775019760	outputs/RuModernBERT-legal-multitask-heads/checkpoint-5000/special_tokens_map.json
4752657	2026-06-13T21:51:10.8635175190	outputs/RuModernBERT-legal-multitask-heads/checkpoint-5000/tokenizer.json
19940	2026-06-13T21:51:10.7754270060	outputs/RuModernBERT-legal-multitask-heads/checkpoint-5000/tokenizer_config.json
9828	2026-06-13T21:51:13.2307417470	outputs/RuModernBERT-legal-multitask-heads/checkpoint-5000/trainer_state.json
6840	2026-06-13T21:51:10.8699373380	outputs/RuModernBERT-legal-multitask-heads/checkpoint-5000/training_args.bin
33270	2026-06-13T21:51:13.1815324440	outputs/RuModernBERT-legal-multitask-heads/checkpoint-5000/zero_to_fp32.py
149708	2026-06-13T22:53:50.1305592690	outputs/RuModernBERT-legal-multitask-heads/label_maps.json
305079228	2026-06-13T22:53:49.8814404940	outputs/RuModernBERT-legal-multitask-heads/pytorch_model.bin
4377	2026-06-13T19:24:15.6689110490	outputs/RuModernBERT-legal-multitask-heads/runs/Jun13_19-23-21_t2n1/events.out.tfevents.1781367855.t2n1.1142978.0
53760	2026-06-13T22:53:45.1097756680	outputs/RuModernBERT-legal-multitask-heads/runs/Jun13_21-33-18_t2n1/events.out.tfevents.1781375631.t2n1.1146939.0
837	2026-06-13T22:53:49.8956129120	outputs/RuModernBERT-legal-multitask-heads/special_tokens_map.json
4752657	2026-06-13T22:53:50.1051462070	outputs/RuModernBERT-legal-multitask-heads/tokenizer.json
19940	2026-06-13T22:53:49.8911404030	outputs/RuModernBERT-legal-multitask-heads/tokenizer_config.json
2540	2026-07-29T15:47:04.2805022700	outputs/RuModernBERT-legal-ner-deduplicated/checkpoint-10000/config.json
224425328	2026-07-29T15:47:07.1772716410	outputs/RuModernBERT-legal-ner-deduplicated/checkpoint-10000/global_step10000/bf16_zero_pp_rank_0_mp_rank_00_optim_states.pt
224425392	2026-07-29T15:47:06.0728909700	outputs/RuModernBERT-legal-ner-deduplicated/checkpoint-10000/global_step10000/bf16_zero_pp_rank_1_mp_rank_00_optim_states.pt
224426288	2026-07-29T15:47:06.2738395180	outputs/RuModernBERT-legal-ner-deduplicated/checkpoint-10000/global_step10000/bf16_zero_pp_rank_2_mp_rank_00_optim_states.pt
224426224	2026-07-29T15:47:06.8104587920	outputs/RuModernBERT-legal-ner-deduplicated/checkpoint-10000/global_step10000/bf16_zero_pp_rank_3_mp_rank_00_optim_states.pt
224426224	2026-07-29T15:47:05.9860674400	outputs/RuModernBERT-legal-ner-deduplicated/checkpoint-10000/global_step10000/bf16_zero_pp_rank_4_mp_rank_00_optim_states.pt
224426288	2026-07-29T15:47:06.8186337970	outputs/RuModernBERT-legal-ner-deduplicated/checkpoint-10000/global_step10000/bf16_zero_pp_rank_5_mp_rank_00_optim_states.pt
224426288	2026-07-29T15:47:06.7891744980	outputs/RuModernBERT-legal-ner-deduplicated/checkpoint-10000/global_step10000/bf16_zero_pp_rank_6_mp_rank_00_optim_states.pt
224426288	2026-07-29T15:47:05.5495553140	outputs/RuModernBERT-legal-ner-deduplicated/checkpoint-10000/global_step10000/bf16_zero_pp_rank_7_mp_rank_00_optim_states.pt
299268856	2026-07-29T15:47:06.3578661430	outputs/RuModernBERT-legal-ner-deduplicated/checkpoint-10000/global_step10000/mp_rank_00_model_states.pt
16	2026-07-29T15:47:07.1841832780	outputs/RuModernBERT-legal-ner-deduplicated/checkpoint-10000/latest
299240934	2026-07-29T15:47:04.8991186580	outputs/RuModernBERT-legal-ner-deduplicated/checkpoint-10000/model.safetensors
15984	2026-07-29T15:47:07.1963974250	outputs/RuModernBERT-legal-ner-deduplicated/checkpoint-10000/rng_state_0.pth
15984	2026-07-29T15:47:07.1936009710	outputs/RuModernBERT-legal-ner-deduplicated/checkpoint-10000/rng_state_1.pth
15984	2026-07-29T15:47:07.1946612310	outputs/RuModernBERT-legal-ner-deduplicated/checkpoint-10000/rng_state_2.pth
15984	2026-07-29T15:47:07.1904575200	outputs/RuModernBERT-legal-ner-deduplicated/checkpoint-10000/rng_state_3.pth
15984	2026-07-29T15:47:07.1956188820	outputs/RuModernBERT-legal-ner-deduplicated/checkpoint-10000/rng_state_4.pth
15984	2026-07-29T15:47:07.1882942200	outputs/RuModernBERT-legal-ner-deduplicated/checkpoint-10000/rng_state_5.pth
15984	2026-07-29T15:47:07.1892278310	outputs/RuModernBERT-legal-ner-deduplicated/checkpoint-10000/rng_state_6.pth
15984	2026-07-29T15:47:07.1914323910	outputs/RuModernBERT-legal-ner-deduplicated/checkpoint-10000/rng_state_7.pth
1064	2026-07-29T15:47:07.1865842360	outputs/RuModernBERT-legal-ner-deduplicated/checkpoint-10000/scheduler.pt
837	2026-07-29T15:47:04.9260017410	outputs/RuModernBERT-legal-ner-deduplicated/checkpoint-10000/special_tokens_map.json
4752657	2026-07-29T15:47:05.0769868890	outputs/RuModernBERT-legal-ner-deduplicated/checkpoint-10000/tokenizer.json
19940	2026-07-29T15:47:04.9236631820	outputs/RuModernBERT-legal-ner-deduplicated/checkpoint-10000/tokenizer_config.json
19132	2026-07-29T15:47:07.2051507540	outputs/RuModernBERT-legal-ner-deduplicated/checkpoint-10000/trainer_state.json
6840	2026-07-29T15:47:05.1016168020	outputs/RuModernBERT-legal-ner-deduplicated/checkpoint-10000/training_args.bin
33270	2026-07-29T15:47:07.1807545190	outputs/RuModernBERT-legal-ner-deduplicated/checkpoint-10000/zero_to_fp32.py
2540	2026-07-29T16:08:41.5590341300	outputs/RuModernBERT-legal-ner-deduplicated/checkpoint-15000/config.json
224425328	2026-07-29T16:08:44.6831529700	outputs/RuModernBERT-legal-ner-deduplicated/checkpoint-15000/global_step15000/bf16_zero_pp_rank_0_mp_rank_00_optim_states.pt
224425392	2026-07-29T16:08:43.6732256630	outputs/RuModernBERT-legal-ner-deduplicated/checkpoint-15000/global_step15000/bf16_zero_pp_rank_1_mp_rank_00_optim_states.pt
224426288	2026-07-29T16:08:43.8060584560	outputs/RuModernBERT-legal-ner-deduplicated/checkpoint-15000/global_step15000/bf16_zero_pp_rank_2_mp_rank_00_optim_states.pt
224426224	2026-07-29T16:08:44.1110875810	outputs/RuModernBERT-legal-ner-deduplicated/checkpoint-15000/global_step15000/bf16_zero_pp_rank_3_mp_rank_00_optim_states.pt
224426224	2026-07-29T16:08:43.5752309580	outputs/RuModernBERT-legal-ner-deduplicated/checkpoint-15000/global_step15000/bf16_zero_pp_rank_4_mp_rank_00_optim_states.pt
224426288	2026-07-29T16:08:44.0850944610	outputs/RuModernBERT-legal-ner-deduplicated/checkpoint-15000/global_step15000/bf16_zero_pp_rank_5_mp_rank_00_optim_states.pt
224426288	2026-07-29T16:08:44.1053736540	outputs/RuModernBERT-legal-ner-deduplicated/checkpoint-15000/global_step15000/bf16_zero_pp_rank_6_mp_rank_00_optim_states.pt
224426288	2026-07-29T16:08:43.1733264880	outputs/RuModernBERT-legal-ner-deduplicated/checkpoint-15000/global_step15000/bf16_zero_pp_rank_7_mp_rank_00_optim_states.pt
299268856	2026-07-29T16:08:43.8747003730	outputs/RuModernBERT-legal-ner-deduplicated/checkpoint-15000/global_step15000/mp_rank_00_model_states.pt
16	2026-07-29T16:08:44.6912076160	outputs/RuModernBERT-legal-ner-deduplicated/checkpoint-15000/latest
299240934	2026-07-29T16:08:42.5231810300	outputs/RuModernBERT-legal-ner-deduplicated/checkpoint-15000/model.safetensors
15984	2026-07-29T16:08:44.7049240480	outputs/RuModernBERT-legal-ner-deduplicated/checkpoint-15000/rng_state_0.pth
15984	2026-07-29T16:08:44.7040158870	outputs/RuModernBERT-legal-ner-deduplicated/checkpoint-15000/rng_state_1.pth
15984	2026-07-29T16:08:44.7013055320	outputs/RuModernBERT-legal-ner-deduplicated/checkpoint-15000/rng_state_2.pth
15984	2026-07-29T16:08:44.6982112310	outputs/RuModernBERT-legal-ner-deduplicated/checkpoint-15000/rng_state_3.pth
15984	2026-07-29T16:08:44.7024281120	outputs/RuModernBERT-legal-ner-deduplicated/checkpoint-15000/rng_state_4.pth
15984	2026-07-29T16:08:44.6958449820	outputs/RuModernBERT-legal-ner-deduplicated/checkpoint-15000/rng_state_5.pth
15984	2026-07-29T16:08:44.6968713730	outputs/RuModernBERT-legal-ner-deduplicated/checkpoint-15000/rng_state_6.pth
15984	2026-07-29T16:08:44.6992331110	outputs/RuModernBERT-legal-ner-deduplicated/checkpoint-15000/rng_state_7.pth
1064	2026-07-29T16:08:44.6941483780	outputs/RuModernBERT-legal-ner-deduplicated/checkpoint-15000/scheduler.pt
837	2026-07-29T16:08:42.5552095840	outputs/RuModernBERT-legal-ner-deduplicated/checkpoint-15000/special_tokens_map.json
4752657	2026-07-29T16:08:42.6275286160	outputs/RuModernBERT-legal-ner-deduplicated/checkpoint-15000/tokenizer.json
19940	2026-07-29T16:08:42.5511491210	outputs/RuModernBERT-legal-ner-deduplicated/checkpoint-15000/tokenizer_config.json
28355	2026-07-29T16:08:44.7167449590	outputs/RuModernBERT-legal-ner-deduplicated/checkpoint-15000/trainer_state.json
6840	2026-07-29T16:08:42.6339713170	outputs/RuModernBERT-legal-ner-deduplicated/checkpoint-15000/training_args.bin
33270	2026-07-29T16:08:44.6871459930	outputs/RuModernBERT-legal-ner-deduplicated/checkpoint-15000/zero_to_fp32.py
2540	2026-07-29T16:30:16.1083487170	outputs/RuModernBERT-legal-ner-deduplicated/checkpoint-20000/config.json
224425328	2026-07-29T16:30:19.5590665880	outputs/RuModernBERT-legal-ner-deduplicated/checkpoint-20000/global_step20000/bf16_zero_pp_rank_0_mp_rank_00_optim_states.pt
224425392	2026-07-29T16:30:18.2641461670	outputs/RuModernBERT-legal-ner-deduplicated/checkpoint-20000/global_step20000/bf16_zero_pp_rank_1_mp_rank_00_optim_states.pt
224426288	2026-07-29T16:30:18.0906329780	outputs/RuModernBERT-legal-ner-deduplicated/checkpoint-20000/global_step20000/bf16_zero_pp_rank_2_mp_rank_00_optim_states.pt
224426224	2026-07-29T16:30:18.1700733100	outputs/RuModernBERT-legal-ner-deduplicated/checkpoint-20000/global_step20000/bf16_zero_pp_rank_3_mp_rank_00_optim_states.pt
224426224	2026-07-29T16:30:18.0742501000	outputs/RuModernBERT-legal-ner-deduplicated/checkpoint-20000/global_step20000/bf16_zero_pp_rank_4_mp_rank_00_optim_states.pt
224426288	2026-07-29T16:30:18.1774114320	outputs/RuModernBERT-legal-ner-deduplicated/checkpoint-20000/global_step20000/bf16_zero_pp_rank_5_mp_rank_00_optim_states.pt
224426288	2026-07-29T16:30:18.0913833310	outputs/RuModernBERT-legal-ner-deduplicated/checkpoint-20000/global_step20000/bf16_zero_pp_rank_6_mp_rank_00_optim_states.pt
224426288	2026-07-29T16:30:17.7039221670	outputs/RuModernBERT-legal-ner-deduplicated/checkpoint-20000/global_step20000/bf16_zero_pp_rank_7_mp_rank_00_optim_states.pt
299268856	2026-07-29T16:30:18.4513567600	outputs/RuModernBERT-legal-ner-deduplicated/checkpoint-20000/global_step20000/mp_rank_00_model_states.pt
16	2026-07-29T16:30:19.5698184980	outputs/RuModernBERT-legal-ner-deduplicated/checkpoint-20000/latest
299240934	2026-07-29T16:30:16.7199296510	outputs/RuModernBERT-legal-ner-deduplicated/checkpoint-20000/model.safetensors
15984	2026-07-29T16:30:19.5845966210	outputs/RuModernBERT-legal-ner-deduplicated/checkpoint-20000/rng_state_0.pth
15984	2026-07-29T16:30:19.5824220410	outputs/RuModernBERT-legal-ner-deduplicated/checkpoint-20000/rng_state_1.pth
15984	2026-07-29T16:30:19.5808060160	outputs/RuModernBERT-legal-ner-deduplicated/checkpoint-20000/rng_state_2.pth
15984	2026-07-29T16:30:19.5773131290	outputs/RuModernBERT-legal-ner-deduplicated/checkpoint-20000/rng_state_3.pth
15984	2026-07-29T16:30:19.5836008800	outputs/RuModernBERT-legal-ner-deduplicated/checkpoint-20000/rng_state_4.pth
15984	2026-07-29T16:30:19.5747467120	outputs/RuModernBERT-legal-ner-deduplicated/checkpoint-20000/rng_state_5.pth
15984	2026-07-29T16:30:19.5760808600	outputs/RuModernBERT-legal-ner-deduplicated/checkpoint-20000/rng_state_6.pth
15984	2026-07-29T16:30:19.5785149970	outputs/RuModernBERT-legal-ner-deduplicated/checkpoint-20000/rng_state_7.pth
1064	2026-07-29T16:30:19.5726574310	outputs/RuModernBERT-legal-ner-deduplicated/checkpoint-20000/scheduler.pt
837	2026-07-29T16:30:16.7507956340	outputs/RuModernBERT-legal-ner-deduplicated/checkpoint-20000/special_tokens_map.json
4752657	2026-07-29T16:30:16.8233311710	outputs/RuModernBERT-legal-ner-deduplicated/checkpoint-20000/tokenizer.json
19940	2026-07-29T16:30:16.7486518640	outputs/RuModernBERT-legal-ner-deduplicated/checkpoint-20000/tokenizer_config.json
37449	2026-07-29T16:30:19.6006039620	outputs/RuModernBERT-legal-ner-deduplicated/checkpoint-20000/trainer_state.json
6840	2026-07-29T16:30:16.8286694010	outputs/RuModernBERT-legal-ner-deduplicated/checkpoint-20000/training_args.bin
33270	2026-07-29T16:30:19.5659948430	outputs/RuModernBERT-legal-ner-deduplicated/checkpoint-20000/zero_to_fp32.py
2540	2026-07-29T16:46:05.6061576820	outputs/RuModernBERT-legal-ner-deduplicated/checkpoint-24615/config.json
224425328	2026-07-29T16:46:09.0661358210	outputs/RuModernBERT-legal-ner-deduplicated/checkpoint-24615/global_step24615/bf16_zero_pp_rank_0_mp_rank_00_optim_states.pt
224425392	2026-07-29T16:46:07.6494526990	outputs/RuModernBERT-legal-ner-deduplicated/checkpoint-24615/global_step24615/bf16_zero_pp_rank_1_mp_rank_00_optim_states.pt
224426288	2026-07-29T16:46:07.4463250480	outputs/RuModernBERT-legal-ner-deduplicated/checkpoint-24615/global_step24615/bf16_zero_pp_rank_2_mp_rank_00_optim_states.pt
224426224	2026-07-29T16:46:07.1422638230	outputs/RuModernBERT-legal-ner-deduplicated/checkpoint-24615/global_step24615/bf16_zero_pp_rank_3_mp_rank_00_optim_states.pt
224426224	2026-07-29T16:46:07.6841784570	outputs/RuModernBERT-legal-ner-deduplicated/checkpoint-24615/global_step24615/bf16_zero_pp_rank_4_mp_rank_00_optim_states.pt
224426288	2026-07-29T16:46:07.1448105000	outputs/RuModernBERT-legal-ner-deduplicated/checkpoint-24615/global_step24615/bf16_zero_pp_rank_5_mp_rank_00_optim_states.pt
224426288	2026-07-29T16:46:07.0811817410	outputs/RuModernBERT-legal-ner-deduplicated/checkpoint-24615/global_step24615/bf16_zero_pp_rank_6_mp_rank_00_optim_states.pt
224426288	2026-07-29T16:46:07.5043801470	outputs/RuModernBERT-legal-ner-deduplicated/checkpoint-24615/global_step24615/bf16_zero_pp_rank_7_mp_rank_00_optim_states.pt
299268856	2026-07-29T16:46:07.8208535860	outputs/RuModernBERT-legal-ner-deduplicated/checkpoint-24615/global_step24615/mp_rank_00_model_states.pt
16	2026-07-29T16:46:09.0773338170	outputs/RuModernBERT-legal-ner-deduplicated/checkpoint-24615/latest
299240934	2026-07-29T16:46:06.2153139990	outputs/RuModernBERT-legal-ner-deduplicated/checkpoint-24615/model.safetensors
15984	2026-07-29T16:46:09.0932667890	outputs/RuModernBERT-legal-ner-deduplicated/checkpoint-24615/rng_state_0.pth
15984	2026-07-29T16:46:09.0921357890	outputs/RuModernBERT-legal-ner-deduplicated/checkpoint-24615/rng_state_1.pth
15984	2026-07-29T16:46:09.0909315810	outputs/RuModernBERT-legal-ner-deduplicated/checkpoint-24615/rng_state_2.pth
15984	2026-07-29T16:46:09.0815236380	outputs/RuModernBERT-legal-ner-deduplicated/checkpoint-24615/rng_state_3.pth
15984	2026-07-29T16:46:09.0899740490	outputs/RuModernBERT-legal-ner-deduplicated/checkpoint-24615/rng_state_4.pth
15984	2026-07-29T16:46:09.0839457060	outputs/RuModernBERT-legal-ner-deduplicated/checkpoint-24615/rng_state_5.pth
15984	2026-07-29T16:46:09.0827065070	outputs/RuModernBERT-legal-ner-deduplicated/checkpoint-24615/rng_state_6.pth
15984	2026-07-29T16:46:09.0846645590	outputs/RuModernBERT-legal-ner-deduplicated/checkpoint-24615/rng_state_7.pth
1064	2026-07-29T16:46:09.0798433240	outputs/RuModernBERT-legal-ner-deduplicated/checkpoint-24615/scheduler.pt
837	2026-07-29T16:46:06.2426566250	outputs/RuModernBERT-legal-ner-deduplicated/checkpoint-24615/special_tokens_map.json
4752657	2026-07-29T16:46:06.3156462370	outputs/RuModernBERT-legal-ner-deduplicated/checkpoint-24615/tokenizer.json
19940	2026-07-29T16:46:06.2406064540	outputs/RuModernBERT-legal-ner-deduplicated/checkpoint-24615/tokenizer_config.json
45507	2026-07-29T16:46:09.1117774570	outputs/RuModernBERT-legal-ner-deduplicated/checkpoint-24615/trainer_state.json
6840	2026-07-29T16:46:06.3202547740	outputs/RuModernBERT-legal-ner-deduplicated/checkpoint-24615/training_args.bin
33270	2026-07-29T16:46:09.0738018000	outputs/RuModernBERT-legal-ner-deduplicated/checkpoint-24615/zero_to_fp32.py
2540	2026-07-29T15:25:24.6039370410	outputs/RuModernBERT-legal-ner-deduplicated/checkpoint-5000/config.json
224425328	2026-07-29T15:25:28.3672954710	outputs/RuModernBERT-legal-ner-deduplicated/checkpoint-5000/global_step5000/bf16_zero_pp_rank_0_mp_rank_00_optim_states.pt
224425392	2026-07-29T15:25:27.3027314790	outputs/RuModernBERT-legal-ner-deduplicated/checkpoint-5000/global_step5000/bf16_zero_pp_rank_1_mp_rank_00_optim_states.pt
224426288	2026-07-29T15:25:27.6092733760	outputs/RuModernBERT-legal-ner-deduplicated/checkpoint-5000/global_step5000/bf16_zero_pp_rank_2_mp_rank_00_optim_states.pt
224426224	2026-07-29T15:25:27.8375950060	outputs/RuModernBERT-legal-ner-deduplicated/checkpoint-5000/global_step5000/bf16_zero_pp_rank_3_mp_rank_00_optim_states.pt
224426224	2026-07-29T15:25:27.1035782200	outputs/RuModernBERT-legal-ner-deduplicated/checkpoint-5000/global_step5000/bf16_zero_pp_rank_4_mp_rank_00_optim_states.pt
224426288	2026-07-29T15:25:27.8443161440	outputs/RuModernBERT-legal-ner-deduplicated/checkpoint-5000/global_step5000/bf16_zero_pp_rank_5_mp_rank_00_optim_states.pt
224426288	2026-07-29T15:25:27.7285460540	outputs/RuModernBERT-legal-ner-deduplicated/checkpoint-5000/global_step5000/bf16_zero_pp_rank_6_mp_rank_00_optim_states.pt
224426288	2026-07-29T15:25:26.7460335540	outputs/RuModernBERT-legal-ner-deduplicated/checkpoint-5000/global_step5000/bf16_zero_pp_rank_7_mp_rank_00_optim_states.pt
299268856	2026-07-29T15:25:27.5479280130	outputs/RuModernBERT-legal-ner-deduplicated/checkpoint-5000/global_step5000/mp_rank_00_model_states.pt
15	2026-07-29T15:25:28.3758439410	outputs/RuModernBERT-legal-ner-deduplicated/checkpoint-5000/latest
299240934	2026-07-29T15:25:26.1762281600	outputs/RuModernBERT-legal-ner-deduplicated/checkpoint-5000/model.safetensors
15984	2026-07-29T15:25:28.3898030620	outputs/RuModernBERT-legal-ner-deduplicated/checkpoint-5000/rng_state_0.pth
15984	2026-07-29T15:25:28.3862953450	outputs/RuModernBERT-legal-ner-deduplicated/checkpoint-5000/rng_state_1.pth
15984	2026-07-29T15:25:28.3887540520	outputs/RuModernBERT-legal-ner-deduplicated/checkpoint-5000/rng_state_2.pth
15984	2026-07-29T15:25:28.3826233380	outputs/RuModernBERT-legal-ner-deduplicated/checkpoint-5000/rng_state_3.pth
15984	2026-07-29T15:25:28.3875423530	outputs/RuModernBERT-legal-ner-deduplicated/checkpoint-5000/rng_state_4.pth
15984	2026-07-29T15:25:28.3803259400	outputs/RuModernBERT-legal-ner-deduplicated/checkpoint-5000/rng_state_5.pth
15984	2026-07-29T15:25:28.3816640670	outputs/RuModernBERT-legal-ner-deduplicated/checkpoint-5000/rng_state_6.pth
15984	2026-07-29T15:25:28.3838414070	outputs/RuModernBERT-legal-ner-deduplicated/checkpoint-5000/rng_state_7.pth
1064	2026-07-29T15:25:28.3784449070	outputs/RuModernBERT-legal-ner-deduplicated/checkpoint-5000/scheduler.pt
837	2026-07-29T15:25:26.2069437870	outputs/RuModernBERT-legal-ner-deduplicated/checkpoint-5000/special_tokens_map.json
4752657	2026-07-29T15:25:26.2756677610	outputs/RuModernBERT-legal-ner-deduplicated/checkpoint-5000/tokenizer.json
19940	2026-07-29T15:25:26.2047884860	outputs/RuModernBERT-legal-ner-deduplicated/checkpoint-5000/tokenizer_config.json
9957	2026-07-29T15:25:28.3952329620	outputs/RuModernBERT-legal-ner-deduplicated/checkpoint-5000/trainer_state.json
6840	2026-07-29T15:25:26.2795867750	outputs/RuModernBERT-legal-ner-deduplicated/checkpoint-5000/training_args.bin
33270	2026-07-29T15:25:28.3715885710	outputs/RuModernBERT-legal-ner-deduplicated/checkpoint-5000/zero_to_fp32.py
2540	2026-07-29T16:46:09.4009449890	outputs/RuModernBERT-legal-ner-deduplicated/config.json
299240934	2026-07-29T16:46:10.0275622450	outputs/RuModernBERT-legal-ner-deduplicated/model.safetensors
519	2026-07-29T16:46:10.2156596060	outputs/RuModernBERT-legal-ner-deduplicated/ner_label_map.json
61272	2026-07-29T16:46:09.1286676600	outputs/RuModernBERT-legal-ner-deduplicated/runs/Jul29_14-52-29_t2n1/events.out.tfevents.1785326625.t2n1.126171.0
516	2026-07-29T16:50:20.2443697400	outputs/RuModernBERT-legal-ner-deduplicated/runs/Jul29_14-52-29_t2n1/events.out.tfevents.1785333020.t2n1.126171.1
837	2026-07-29T16:46:10.1390087590	outputs/RuModernBERT-legal-ner-deduplicated/special_tokens_map.json
265	2026-07-29T16:50:40.4871688830	outputs/RuModernBERT-legal-ner-deduplicated/test_metrics.json
4752657	2026-07-29T16:46:10.2093276650	outputs/RuModernBERT-legal-ner-deduplicated/tokenizer.json
19940	2026-07-29T16:46:10.1376495820	outputs/RuModernBERT-legal-ner-deduplicated/tokenizer_config.json
6840	2026-07-29T16:46:10.1317110670	outputs/RuModernBERT-legal-ner-deduplicated/training_args.bin
2540	2026-06-14T13:37:01.7062531220	outputs/RuModernBERT-legal-ner/checkpoint-10000/config.json
224425328	2026-06-14T13:37:04.2599665080	outputs/RuModernBERT-legal-ner/checkpoint-10000/global_step10000/bf16_zero_pp_rank_0_mp_rank_00_optim_states.pt
224425392	2026-06-14T13:37:03.6588097490	outputs/RuModernBERT-legal-ner/checkpoint-10000/global_step10000/bf16_zero_pp_rank_1_mp_rank_00_optim_states.pt
224426288	2026-06-14T13:37:03.3629819310	outputs/RuModernBERT-legal-ner/checkpoint-10000/global_step10000/bf16_zero_pp_rank_2_mp_rank_00_optim_states.pt
224426224	2026-06-14T13:37:03.3704312000	outputs/RuModernBERT-legal-ner/checkpoint-10000/global_step10000/bf16_zero_pp_rank_3_mp_rank_00_optim_states.pt
224426224	2026-06-14T13:37:03.2766509100	outputs/RuModernBERT-legal-ner/checkpoint-10000/global_step10000/bf16_zero_pp_rank_4_mp_rank_00_optim_states.pt
224426288	2026-06-14T13:37:03.7065145770	outputs/RuModernBERT-legal-ner/checkpoint-10000/global_step10000/bf16_zero_pp_rank_5_mp_rank_00_optim_states.pt
224426288	2026-06-14T13:37:03.6096648860	outputs/RuModernBERT-legal-ner/checkpoint-10000/global_step10000/bf16_zero_pp_rank_6_mp_rank_00_optim_states.pt
224426288	2026-06-14T13:37:03.2664867470	outputs/RuModernBERT-legal-ner/checkpoint-10000/global_step10000/bf16_zero_pp_rank_7_mp_rank_00_optim_states.pt
299268856	2026-06-14T13:37:03.6605416330	outputs/RuModernBERT-legal-ner/checkpoint-10000/global_step10000/mp_rank_00_model_states.pt
16	2026-06-14T13:37:04.2689275430	outputs/RuModernBERT-legal-ner/checkpoint-10000/latest
299240934	2026-06-14T13:37:02.2089805750	outputs/RuModernBERT-legal-ner/checkpoint-10000/model.safetensors
15984	2026-06-14T13:37:04.2823416960	outputs/RuModernBERT-legal-ner/checkpoint-10000/rng_state_0.pth
15984	2026-06-14T13:37:04.2823056260	outputs/RuModernBERT-legal-ner/checkpoint-10000/rng_state_1.pth
15984	2026-06-14T13:37:04.2811154370	outputs/RuModernBERT-legal-ner/checkpoint-10000/rng_state_2.pth
15984	2026-06-14T13:37:04.2751071840	outputs/RuModernBERT-legal-ner/checkpoint-10000/rng_state_3.pth
15984	2026-06-14T13:37:04.2763243630	outputs/RuModernBERT-legal-ner/checkpoint-10000/rng_state_4.pth
15984	2026-06-14T13:37:04.2785570710	outputs/RuModernBERT-legal-ner/checkpoint-10000/rng_state_5.pth
15984	2026-06-14T13:37:04.2798355990	outputs/RuModernBERT-legal-ner/checkpoint-10000/rng_state_6.pth
15984	2026-06-14T13:37:04.2735781890	outputs/RuModernBERT-legal-ner/checkpoint-10000/rng_state_7.pth
1064	2026-06-14T13:37:04.2718149050	outputs/RuModernBERT-legal-ner/checkpoint-10000/scheduler.pt
837	2026-06-14T13:37:02.2293438010	outputs/RuModernBERT-legal-ner/checkpoint-10000/special_tokens_map.json
4752657	2026-06-14T13:37:02.2720313660	outputs/RuModernBERT-legal-ner/checkpoint-10000/tokenizer.json
19940	2026-06-14T13:37:02.2273090600	outputs/RuModernBERT-legal-ner/checkpoint-10000/tokenizer_config.json
19154	2026-06-14T13:37:04.2863911070	outputs/RuModernBERT-legal-ner/checkpoint-10000/trainer_state.json
6840	2026-06-14T13:37:02.2771703270	outputs/RuModernBERT-legal-ner/checkpoint-10000/training_args.bin
33270	2026-06-14T13:37:04.2646008140	outputs/RuModernBERT-legal-ner/checkpoint-10000/zero_to_fp32.py
2540	2026-06-14T14:02:07.2156203470	outputs/RuModernBERT-legal-ner/checkpoint-15000/config.json
224425328	2026-06-14T14:02:09.3031868920	outputs/RuModernBERT-legal-ner/checkpoint-15000/global_step15000/bf16_zero_pp_rank_0_mp_rank_00_optim_states.pt
224425392	2026-06-14T14:02:08.8575298980	outputs/RuModernBERT-legal-ner/checkpoint-15000/global_step15000/bf16_zero_pp_rank_1_mp_rank_00_optim_states.pt
224426288	2026-06-14T14:02:09.4290902650	outputs/RuModernBERT-legal-ner/checkpoint-15000/global_step15000/bf16_zero_pp_rank_2_mp_rank_00_optim_states.pt
224426224	2026-06-14T14:02:09.2843929380	outputs/RuModernBERT-legal-ner/checkpoint-15000/global_step15000/bf16_zero_pp_rank_3_mp_rank_00_optim_states.pt
224426224	2026-06-14T14:02:08.6667436710	outputs/RuModernBERT-legal-ner/checkpoint-15000/global_step15000/bf16_zero_pp_rank_4_mp_rank_00_optim_states.pt
224426288	2026-06-14T14:02:09.6715779080	outputs/RuModernBERT-legal-ner/checkpoint-15000/global_step15000/bf16_zero_pp_rank_5_mp_rank_00_optim_states.pt
224426288	2026-06-14T14:02:09.6130791850	outputs/RuModernBERT-legal-ner/checkpoint-15000/global_step15000/bf16_zero_pp_rank_6_mp_rank_00_optim_states.pt
224426288	2026-06-14T14:02:08.6592672510	outputs/RuModernBERT-legal-ner/checkpoint-15000/global_step15000/bf16_zero_pp_rank_7_mp_rank_00_optim_states.pt
299268856	2026-06-14T14:02:08.8064921850	outputs/RuModernBERT-legal-ner/checkpoint-15000/global_step15000/mp_rank_00_model_states.pt
16	2026-06-14T14:02:09.3249508990	outputs/RuModernBERT-legal-ner/checkpoint-15000/latest
299240934	2026-06-14T14:02:07.9286248310	outputs/RuModernBERT-legal-ner/checkpoint-15000/model.safetensors
15984	2026-06-14T14:02:09.6826262150	outputs/RuModernBERT-legal-ner/checkpoint-15000/rng_state_0.pth
15984	2026-06-14T14:02:09.6808794910	outputs/RuModernBERT-legal-ner/checkpoint-15000/rng_state_1.pth
15984	2026-06-14T14:02:09.6822609780	outputs/RuModernBERT-legal-ner/checkpoint-15000/rng_state_2.pth
15984	2026-06-14T14:02:09.6759455770	outputs/RuModernBERT-legal-ner/checkpoint-15000/rng_state_3.pth
15984	2026-06-14T14:02:09.6780416670	outputs/RuModernBERT-legal-ner/checkpoint-15000/rng_state_4.pth
15984	2026-06-14T14:02:09.6797389220	outputs/RuModernBERT-legal-ner/checkpoint-15000/rng_state_5.pth
15984	2026-06-14T14:02:09.6827681430	outputs/RuModernBERT-legal-ner/checkpoint-15000/rng_state_6.pth
15984	2026-06-14T14:02:09.6769403580	outputs/RuModernBERT-legal-ner/checkpoint-15000/rng_state_7.pth
1064	2026-06-14T14:02:09.6739421460	outputs/RuModernBERT-legal-ner/checkpoint-15000/scheduler.pt
837	2026-06-14T14:02:07.9462226370	outputs/RuModernBERT-legal-ner/checkpoint-15000/special_tokens_map.json
4752657	2026-06-14T14:02:07.9797287240	outputs/RuModernBERT-legal-ner/checkpoint-15000/tokenizer.json
19940	2026-06-14T14:02:07.9442840350	outputs/RuModernBERT-legal-ner/checkpoint-15000/tokenizer_config.json
28345	2026-06-14T14:02:09.6871608620	outputs/RuModernBERT-legal-ner/checkpoint-15000/trainer_state.json
6840	2026-06-14T14:02:07.9829315440	outputs/RuModernBERT-legal-ner/checkpoint-15000/training_args.bin
33270	2026-06-14T14:02:09.3147982330	outputs/RuModernBERT-legal-ner/checkpoint-15000/zero_to_fp32.py
2540	2026-06-14T14:27:13.7728735450	outputs/RuModernBERT-legal-ner/checkpoint-20000/config.json
224425328	2026-06-14T14:27:15.9051675190	outputs/RuModernBERT-legal-ner/checkpoint-20000/global_step20000/bf16_zero_pp_rank_0_mp_rank_00_optim_states.pt
224425392	2026-06-14T14:27:15.3238862350	outputs/RuModernBERT-legal-ner/checkpoint-20000/global_step20000/bf16_zero_pp_rank_1_mp_rank_00_optim_states.pt
224426288	2026-06-14T14:27:15.4522713200	outputs/RuModernBERT-legal-ner/checkpoint-20000/global_step20000/bf16_zero_pp_rank_2_mp_rank_00_optim_states.pt
224426224	2026-06-14T14:27:14.8643233490	outputs/RuModernBERT-legal-ner/checkpoint-20000/global_step20000/bf16_zero_pp_rank_3_mp_rank_00_optim_states.pt
224426224	2026-06-14T14:27:15.3221213120	outputs/RuModernBERT-legal-ner/checkpoint-20000/global_step20000/bf16_zero_pp_rank_4_mp_rank_00_optim_states.pt
224426288	2026-06-14T14:27:15.3948131300	outputs/RuModernBERT-legal-ner/checkpoint-20000/global_step20000/bf16_zero_pp_rank_5_mp_rank_00_optim_states.pt
224426288	2026-06-14T14:27:15.3505847350	outputs/RuModernBERT-legal-ner/checkpoint-20000/global_step20000/bf16_zero_pp_rank_6_mp_rank_00_optim_states.pt
224426288	2026-06-14T14:27:15.1891657700	outputs/RuModernBERT-legal-ner/checkpoint-20000/global_step20000/bf16_zero_pp_rank_7_mp_rank_00_optim_states.pt
299268856	2026-06-14T14:27:15.3014893060	outputs/RuModernBERT-legal-ner/checkpoint-20000/global_step20000/mp_rank_00_model_states.pt
16	2026-06-14T14:27:15.9151068360	outputs/RuModernBERT-legal-ner/checkpoint-20000/latest
299240934	2026-06-14T14:27:14.1392441350	outputs/RuModernBERT-legal-ner/checkpoint-20000/model.safetensors
15984	2026-06-14T14:27:15.9275947990	outputs/RuModernBERT-legal-ner/checkpoint-20000/rng_state_0.pth
15984	2026-06-14T14:27:15.9263977600	outputs/RuModernBERT-legal-ner/checkpoint-20000/rng_state_1.pth
15984	2026-06-14T14:27:15.9226380650	outputs/RuModernBERT-legal-ner/checkpoint-20000/rng_state_2.pth
15984	2026-06-14T14:27:15.9203753760	outputs/RuModernBERT-legal-ner/checkpoint-20000/rng_state_3.pth
15984	2026-06-14T14:27:15.9192860270	outputs/RuModernBERT-legal-ner/checkpoint-20000/rng_state_4.pth
15984	2026-06-14T14:27:15.9240545720	outputs/RuModernBERT-legal-ner/checkpoint-20000/rng_state_5.pth
15984	2026-06-14T14:27:15.9276570680	outputs/RuModernBERT-legal-ner/checkpoint-20000/rng_state_6.pth
15984	2026-06-14T14:27:15.9244350880	outputs/RuModernBERT-legal-ner/checkpoint-20000/rng_state_7.pth
1064	2026-06-14T14:27:15.9173756050	outputs/RuModernBERT-legal-ner/checkpoint-20000/scheduler.pt
837	2026-06-14T14:27:14.1531506550	outputs/RuModernBERT-legal-ner/checkpoint-20000/special_tokens_map.json
4752657	2026-06-14T14:27:14.1963071700	outputs/RuModernBERT-legal-ner/checkpoint-20000/tokenizer.json
19940	2026-06-14T14:27:14.1511558140	outputs/RuModernBERT-legal-ner/checkpoint-20000/tokenizer_config.json
37454	2026-06-14T14:27:15.9339064190	outputs/RuModernBERT-legal-ner/checkpoint-20000/trainer_state.json
6840	2026-06-14T14:27:14.2013350530	outputs/RuModernBERT-legal-ner/checkpoint-20000/training_args.bin
33270	2026-06-14T14:27:15.9115008690	outputs/RuModernBERT-legal-ner/checkpoint-20000/zero_to_fp32.py
2540	2026-06-14T14:52:15.8013568030	outputs/RuModernBERT-legal-ner/checkpoint-25000/config.json
224425328	2026-06-14T14:52:18.5462335190	outputs/RuModernBERT-legal-ner/checkpoint-25000/global_step25000/bf16_zero_pp_rank_0_mp_rank_00_optim_states.pt
224425392	2026-06-14T14:52:17.9633736780	outputs/RuModernBERT-legal-ner/checkpoint-25000/global_step25000/bf16_zero_pp_rank_1_mp_rank_00_optim_states.pt
224426288	2026-06-14T14:52:17.8717566390	outputs/RuModernBERT-legal-ner/checkpoint-25000/global_step25000/bf16_zero_pp_rank_2_mp_rank_00_optim_states.pt
224426224	2026-06-14T14:52:17.3014087720	outputs/RuModernBERT-legal-ner/checkpoint-25000/global_step25000/bf16_zero_pp_rank_3_mp_rank_00_optim_states.pt
224426224	2026-06-14T14:52:17.6680543690	outputs/RuModernBERT-legal-ner/checkpoint-25000/global_step25000/bf16_zero_pp_rank_4_mp_rank_00_optim_states.pt
224426288	2026-06-14T14:52:17.8428307770	outputs/RuModernBERT-legal-ner/checkpoint-25000/global_step25000/bf16_zero_pp_rank_5_mp_rank_00_optim_states.pt
224426288	2026-06-14T14:52:17.7534274370	outputs/RuModernBERT-legal-ner/checkpoint-25000/global_step25000/bf16_zero_pp_rank_6_mp_rank_00_optim_states.pt
224426288	2026-06-14T14:52:17.6155561560	outputs/RuModernBERT-legal-ner/checkpoint-25000/global_step25000/bf16_zero_pp_rank_7_mp_rank_00_optim_states.pt
299268856	2026-06-14T14:52:17.9708359190	outputs/RuModernBERT-legal-ner/checkpoint-25000/global_step25000/mp_rank_00_model_states.pt
16	2026-06-14T14:52:18.5554942730	outputs/RuModernBERT-legal-ner/checkpoint-25000/latest
299240934	2026-06-14T14:52:16.5642685030	outputs/RuModernBERT-legal-ner/checkpoint-25000/model.safetensors
15984	2026-06-14T14:52:18.5669968660	outputs/RuModernBERT-legal-ner/checkpoint-25000/rng_state_0.pth
15984	2026-06-14T14:52:18.5637308860	outputs/RuModernBERT-legal-ner/checkpoint-25000/rng_state_1.pth
15984	2026-06-14T14:52:18.5660281450	outputs/RuModernBERT-legal-ner/checkpoint-25000/rng_state_2.pth
15984	2026-06-14T14:52:18.5594443460	outputs/RuModernBERT-legal-ner/checkpoint-25000/rng_state_3.pth
15984	2026-06-14T14:52:18.5616279760	outputs/RuModernBERT-legal-ner/checkpoint-25000/rng_state_4.pth
15984	2026-06-14T14:52:18.5648683460	outputs/RuModernBERT-legal-ner/checkpoint-25000/rng_state_5.pth
15984	2026-06-14T14:52:18.5668938870	outputs/RuModernBERT-legal-ner/checkpoint-25000/rng_state_6.pth
15984	2026-06-14T14:52:18.5606630150	outputs/RuModernBERT-legal-ner/checkpoint-25000/rng_state_7.pth
1064	2026-06-14T14:52:18.5576219030	outputs/RuModernBERT-legal-ner/checkpoint-25000/scheduler.pt
837	2026-06-14T14:52:16.5818682600	outputs/RuModernBERT-legal-ner/checkpoint-25000/special_tokens_map.json
4752657	2026-06-14T14:52:16.6217792700	outputs/RuModernBERT-legal-ner/checkpoint-25000/tokenizer.json
19940	2026-06-14T14:52:16.5798927480	outputs/RuModernBERT-legal-ner/checkpoint-25000/tokenizer_config.json
46560	2026-06-14T14:52:18.5740208710	outputs/RuModernBERT-legal-ner/checkpoint-25000/trainer_state.json
6840	2026-06-14T14:52:16.6274676170	outputs/RuModernBERT-legal-ner/checkpoint-25000/training_args.bin
33270	2026-06-14T14:52:18.5509633750	outputs/RuModernBERT-legal-ner/checkpoint-25000/zero_to_fp32.py
2540	2026-06-14T15:01:37.9526984330	outputs/RuModernBERT-legal-ner/checkpoint-27726/config.json
224425328	2026-06-14T15:01:40.5062607640	outputs/RuModernBERT-legal-ner/checkpoint-27726/global_step27726/bf16_zero_pp_rank_0_mp_rank_00_optim_states.pt
224425392	2026-06-14T15:01:39.9445798950	outputs/RuModernBERT-legal-ner/checkpoint-27726/global_step27726/bf16_zero_pp_rank_1_mp_rank_00_optim_states.pt
224426288	2026-06-14T15:01:39.6549425380	outputs/RuModernBERT-legal-ner/checkpoint-27726/global_step27726/bf16_zero_pp_rank_2_mp_rank_00_optim_states.pt
224426224	2026-06-14T15:01:40.0300135910	outputs/RuModernBERT-legal-ner/checkpoint-27726/global_step27726/bf16_zero_pp_rank_3_mp_rank_00_optim_states.pt
224426224	2026-06-14T15:01:39.6512905010	outputs/RuModernBERT-legal-ner/checkpoint-27726/global_step27726/bf16_zero_pp_rank_4_mp_rank_00_optim_states.pt
224426288	2026-06-14T15:01:40.3901756630	outputs/RuModernBERT-legal-ner/checkpoint-27726/global_step27726/bf16_zero_pp_rank_5_mp_rank_00_optim_states.pt
224426288	2026-06-14T15:01:40.2918709070	outputs/RuModernBERT-legal-ner/checkpoint-27726/global_step27726/bf16_zero_pp_rank_6_mp_rank_00_optim_states.pt
224426288	2026-06-14T15:01:39.6297124720	outputs/RuModernBERT-legal-ner/checkpoint-27726/global_step27726/bf16_zero_pp_rank_7_mp_rank_00_optim_states.pt
299268856	2026-06-14T15:01:39.9358468570	outputs/RuModernBERT-legal-ner/checkpoint-27726/global_step27726/mp_rank_00_model_states.pt
16	2026-06-14T15:01:40.5142550690	outputs/RuModernBERT-legal-ner/checkpoint-27726/latest
299240934	2026-06-14T15:01:38.6465690720	outputs/RuModernBERT-legal-ner/checkpoint-27726/model.safetensors
15984	2026-06-14T15:01:40.5288137140	outputs/RuModernBERT-legal-ner/checkpoint-27726/rng_state_0.pth
15984	2026-06-14T15:01:40.5274518760	outputs/RuModernBERT-legal-ner/checkpoint-27726/rng_state_1.pth
15984	2026-06-14T15:01:40.5261724880	outputs/RuModernBERT-legal-ner/checkpoint-27726/rng_state_2.pth
15984	2026-06-14T15:01:40.5213946730	outputs/RuModernBERT-legal-ner/checkpoint-27726/rng_state_3.pth
15984	2026-06-14T15:01:40.5203501220	outputs/RuModernBERT-legal-ner/checkpoint-27726/rng_state_4.pth
15984	2026-06-14T15:01:40.5249733990	outputs/RuModernBERT-legal-ner/checkpoint-27726/rng_state_5.pth
15984	2026-06-14T15:01:40.5286443850	outputs/RuModernBERT-legal-ner/checkpoint-27726/rng_state_6.pth
15984	2026-06-14T15:01:40.5229696580	outputs/RuModernBERT-legal-ner/checkpoint-27726/rng_state_7.pth
1064	2026-06-14T15:01:40.5184130000	outputs/RuModernBERT-legal-ner/checkpoint-27726/scheduler.pt
837	2026-06-14T15:01:38.6620475780	outputs/RuModernBERT-legal-ner/checkpoint-27726/special_tokens_map.json
4752657	2026-06-14T15:01:38.6940733200	outputs/RuModernBERT-legal-ner/checkpoint-27726/tokenizer.json
19940	2026-06-14T15:01:38.6600169770	outputs/RuModernBERT-legal-ner/checkpoint-27726/tokenizer_config.json
51273	2026-06-14T15:01:40.5363647240	outputs/RuModernBERT-legal-ner/checkpoint-27726/trainer_state.json
6840	2026-06-14T15:01:38.6971375320	outputs/RuModernBERT-legal-ner/checkpoint-27726/training_args.bin
33270	2026-06-14T15:01:40.5108380910	outputs/RuModernBERT-legal-ner/checkpoint-27726/zero_to_fp32.py
2540	2026-06-14T13:11:54.7993039450	outputs/RuModernBERT-legal-ner/checkpoint-5000/config.json
224425328	2026-06-14T13:11:56.8439957960	outputs/RuModernBERT-legal-ner/checkpoint-5000/global_step5000/bf16_zero_pp_rank_0_mp_rank_00_optim_states.pt
224425392	2026-06-14T13:11:56.3162833000	outputs/RuModernBERT-legal-ner/checkpoint-5000/global_step5000/bf16_zero_pp_rank_1_mp_rank_00_optim_states.pt
224426288	2026-06-14T13:11:56.4707422660	outputs/RuModernBERT-legal-ner/checkpoint-5000/global_step5000/bf16_zero_pp_rank_2_mp_rank_00_optim_states.pt
224426224	2026-06-14T13:11:56.4582446240	outputs/RuModernBERT-legal-ner/checkpoint-5000/global_step5000/bf16_zero_pp_rank_3_mp_rank_00_optim_states.pt
224426224	2026-06-14T13:11:56.1133249950	outputs/RuModernBERT-legal-ner/checkpoint-5000/global_step5000/bf16_zero_pp_rank_4_mp_rank_00_optim_states.pt
224426288	2026-06-14T13:11:56.7397319750	outputs/RuModernBERT-legal-ner/checkpoint-5000/global_step5000/bf16_zero_pp_rank_5_mp_rank_00_optim_states.pt
224426288	2026-06-14T13:11:56.6608784130	outputs/RuModernBERT-legal-ner/checkpoint-5000/global_step5000/bf16_zero_pp_rank_6_mp_rank_00_optim_states.pt
224426288	2026-06-14T13:11:56.1045647780	outputs/RuModernBERT-legal-ner/checkpoint-5000/global_step5000/bf16_zero_pp_rank_7_mp_rank_00_optim_states.pt
299268856	2026-06-14T13:11:56.3078873100	outputs/RuModernBERT-legal-ner/checkpoint-5000/global_step5000/mp_rank_00_model_states.pt
15	2026-06-14T13:11:56.8512029180	outputs/RuModernBERT-legal-ner/checkpoint-5000/latest
299240934	2026-06-14T13:11:55.1737305640	outputs/RuModernBERT-legal-ner/checkpoint-5000/model.safetensors
15984	2026-06-14T13:11:56.8636857700	outputs/RuModernBERT-legal-ner/checkpoint-5000/rng_state_0.pth
15984	2026-06-14T13:11:56.8617461380	outputs/RuModernBERT-legal-ner/checkpoint-5000/rng_state_1.pth
15984	2026-06-14T13:11:56.8638511780	outputs/RuModernBERT-legal-ner/checkpoint-5000/rng_state_2.pth
15984	2026-06-14T13:11:56.8559839420	outputs/RuModernBERT-legal-ner/checkpoint-5000/rng_state_3.pth
15984	2026-06-14T13:11:56.8571230520	outputs/RuModernBERT-legal-ner/checkpoint-5000/rng_state_4.pth
15984	2026-06-14T13:11:56.8603040420	outputs/RuModernBERT-legal-ner/checkpoint-5000/rng_state_5.pth
15984	2026-06-14T13:11:56.8629697670	outputs/RuModernBERT-legal-ner/checkpoint-5000/rng_state_6.pth
15984	2026-06-14T13:11:56.8583084010	outputs/RuModernBERT-legal-ner/checkpoint-5000/rng_state_7.pth
1064	2026-06-14T13:11:56.8539021220	outputs/RuModernBERT-legal-ner/checkpoint-5000/scheduler.pt
837	2026-06-14T13:11:55.2052987550	outputs/RuModernBERT-legal-ner/checkpoint-5000/special_tokens_map.json
4752657	2026-06-14T13:11:55.2458084310	outputs/RuModernBERT-legal-ner/checkpoint-5000/tokenizer.json
19940	2026-06-14T13:11:55.2033690830	outputs/RuModernBERT-legal-ner/checkpoint-5000/tokenizer_config.json
9955	2026-06-14T13:11:56.8667161010	outputs/RuModernBERT-legal-ner/checkpoint-5000/trainer_state.json
6840	2026-06-14T13:11:55.2512674390	outputs/RuModernBERT-legal-ner/checkpoint-5000/training_args.bin
33270	2026-06-14T13:11:56.8475587620	outputs/RuModernBERT-legal-ner/checkpoint-5000/zero_to_fp32.py
2540	2026-06-14T15:01:40.6658177200	outputs/RuModernBERT-legal-ner/config.json
299240934	2026-06-14T15:01:41.1966451360	outputs/RuModernBERT-legal-ner/model.safetensors
519	2026-06-14T15:01:41.3276403870	outputs/RuModernBERT-legal-ner/ner_label_map.json
6965	2026-06-14T11:02:05.9286923230	outputs/RuModernBERT-legal-ner/runs/Jun14_11-01-29_t2n1/events.out.tfevents.1781424125.t2n1.1171167.0
68339	2026-06-14T15:01:40.5472532520	outputs/RuModernBERT-legal-ner/runs/Jun14_12-45-19_t2n1/events.out.tfevents.1781430358.t2n1.1177511.0
516	2026-06-14T15:03:55.8160170480	outputs/RuModernBERT-legal-ner/runs/Jun14_12-45-19_t2n1/events.out.tfevents.1781438635.t2n1.1177511.1
837	2026-06-14T15:01:41.2826165460	outputs/RuModernBERT-legal-ner/special_tokens_map.json
265	2026-06-14T15:07:22.2786260820	outputs/RuModernBERT-legal-ner/test_metrics.json
4752657	2026-06-14T15:01:41.3225290050	outputs/RuModernBERT-legal-ner/tokenizer.json
19940	2026-06-14T15:01:41.2809039920	outputs/RuModernBERT-legal-ner/tokenizer_config.json
6840	2026-06-14T15:01:41.2509292500	outputs/RuModernBERT-legal-ner/training_args.bin
18576	2026-07-29T21:53:35.0732613190	outputs/evidence/mlm-context/base-L2048-S101.json
13944	2026-07-29T21:53:24.9328201240	outputs/evidence/mlm-context/base-L2048-S11.json
16022	2026-07-29T21:53:28.6545575270	outputs/evidence/mlm-context/base-L2048-S23.json
18631	2026-07-29T21:53:42.9278751720	outputs/evidence/mlm-context/base-L2048-S42.json
13353	2026-07-29T21:53:24.7360428500	outputs/evidence/mlm-context/base-L2048-S67.json
18742	2026-07-29T21:52:46.3231360080	outputs/evidence/mlm-context/base-L512-S101.json
15319	2026-07-29T21:52:39.1904635710	outputs/evidence/mlm-context/base-L512-S11.json
12964	2026-07-29T21:52:25.8053397490	outputs/evidence/mlm-context/base-L512-S23.json
11370	2026-07-29T21:52:24.6889734680	outputs/evidence/mlm-context/base-L512-S42.json
11475	2026-07-29T21:52:24.6047599210	outputs/evidence/mlm-context/base-L512-S67.json
13967	2026-07-29T21:55:34.8983988050	outputs/evidence/mlm-context/base-L8192-S101.json
14389	2026-07-29T21:54:31.0722322940	outputs/evidence/mlm-context/base-L8192-S11.json
21606	2026-07-29T21:54:50.2684181010	outputs/evidence/mlm-context/base-L8192-S23.json
21827	2026-07-29T21:54:50.5347808850	outputs/evidence/mlm-context/base-L8192-S42.json
13826	2026-07-29T21:54:29.5043702000	outputs/evidence/mlm-context/base-L8192-S67.json
13366	2026-07-29T21:54:26.9194280950	outputs/evidence/mlm-context/law-L2048-S101.json
21818	2026-07-29T21:53:49.8806653070	outputs/evidence/mlm-context/law-L2048-S11.json
13354	2026-07-29T21:54:33.2058390640	outputs/evidence/mlm-context/law-L2048-S23.json
19874	2026-07-29T21:54:47.9684438210	outputs/evidence/mlm-context/law-L2048-S42.json
17793	2026-07-29T21:54:49.0653932770	outputs/evidence/mlm-context/law-L2048-S67.json
13237	2026-07-29T21:53:22.7856232560	outputs/evidence/mlm-context/law-L512-S101.json
12843	2026-07-29T21:52:29.4666064420	outputs/evidence/mlm-context/law-L512-S11.json
15026	2026-07-29T21:52:35.0493909010	outputs/evidence/mlm-context/law-L512-S23.json
20741	2026-07-29T21:52:46.8229695430	outputs/evidence/mlm-context/law-L512-S42.json
12244	2026-07-29T21:53:23.1009494250	outputs/evidence/mlm-context/law-L512-S67.json
14226	2026-07-29T21:55:37.0464525020	outputs/evidence/mlm-context/law-L8192-S101.json
20136	2026-07-29T21:55:52.2624500230	outputs/evidence/mlm-context/law-L8192-S11.json
21366	2026-07-29T21:55:52.8062211290	outputs/evidence/mlm-context/law-L8192-S23.json
13915	2026-07-29T21:55:36.0599749440	outputs/evidence/mlm-context/law-L8192-S42.json
14301	2026-07-29T21:55:30.9142753480	outputs/evidence/mlm-context/law-L8192-S67.json
12214	2026-07-29T21:55:55.5424276590	outputs/evidence/mlm-context/summary.json
21214	2026-07-29T17:51:40.8729927880	outputs/evidence/mlm/base-101.json
14107	2026-07-29T17:51:28.3401688330	outputs/evidence/mlm/base-11.json
21826	2026-07-29T17:51:42.5435514100	outputs/evidence/mlm/base-23.json
19542	2026-07-29T17:51:39.7283919000	outputs/evidence/mlm/base-42.json
13914	2026-07-29T17:51:23.4488376780	outputs/evidence/mlm/base-67.json
14098	2026-07-29T17:52:22.6040926080	outputs/evidence/mlm/our-101.json
13845	2026-07-29T17:51:29.5108706500	outputs/evidence/mlm/our-11.json
13913	2026-07-29T17:51:29.2748610300	outputs/evidence/mlm/our-23.json
14170	2026-07-29T17:51:30.2164369640	outputs/evidence/mlm/our-42.json
14289	2026-07-29T17:52:22.9430111130	outputs/evidence/mlm/our-67.json
3593	2026-07-29T17:52:24.3137866800	outputs/evidence/mlm/summary.json
6577	2026-06-09T11:37:54.2315880980	outputs/sweep-bs-12/runs/Jun09_11-37-38_t2n1/events.out.tfevents.1780994274.t2n1.916171.0
2153	2026-06-09T11:35:22.1016500160	outputs/sweep-bs-4/checkpoint-20/config.json
224488752	2026-06-09T11:35:24.6762396810	outputs/sweep-bs-4/checkpoint-20/global_step20/bf16_zero_pp_rank_0_mp_rank_00_optim_states.pt
224488816	2026-06-09T11:35:23.7306888570	outputs/sweep-bs-4/checkpoint-20/global_step20/bf16_zero_pp_rank_1_mp_rank_00_optim_states.pt
224489776	2026-06-09T11:35:24.2945069800	outputs/sweep-bs-4/checkpoint-20/global_step20/bf16_zero_pp_rank_2_mp_rank_00_optim_states.pt
224489136	2026-06-09T11:35:23.6609844690	outputs/sweep-bs-4/checkpoint-20/global_step20/bf16_zero_pp_rank_3_mp_rank_00_optim_states.pt
224488880	2026-06-09T11:35:24.3760203580	outputs/sweep-bs-4/checkpoint-20/global_step20/bf16_zero_pp_rank_4_mp_rank_00_optim_states.pt
224488944	2026-06-09T11:35:24.2623375060	outputs/sweep-bs-4/checkpoint-20/global_step20/bf16_zero_pp_rank_5_mp_rank_00_optim_states.pt
224488944	2026-06-09T11:35:24.2697318060	outputs/sweep-bs-4/checkpoint-20/global_step20/bf16_zero_pp_rank_6_mp_rank_00_optim_states.pt
224488880	2026-06-09T11:35:23.9283189630	outputs/sweep-bs-4/checkpoint-20/global_step20/bf16_zero_pp_rank_7_mp_rank_00_optim_states.pt
299352760	2026-06-09T11:35:23.9844687310	outputs/sweep-bs-4/checkpoint-20/global_step20/mp_rank_00_model_states.pt
13	2026-06-09T11:35:24.6859961380	outputs/sweep-bs-4/checkpoint-20/latest
376690048	2026-06-09T11:35:22.9686301240	outputs/sweep-bs-4/checkpoint-20/model.safetensors
15984	2026-06-09T11:35:24.6995434700	outputs/sweep-bs-4/checkpoint-20/rng_state_0.pth
15984	2026-06-09T11:35:24.6920253610	outputs/sweep-bs-4/checkpoint-20/rng_state_1.pth
15984	2026-06-09T11:35:24.6942954000	outputs/sweep-bs-4/checkpoint-20/rng_state_2.pth
15984	2026-06-09T11:35:24.6947082360	outputs/sweep-bs-4/checkpoint-20/rng_state_3.pth
15984	2026-06-09T11:35:24.6985859290	outputs/sweep-bs-4/checkpoint-20/rng_state_4.pth
15984	2026-06-09T11:35:24.6999557660	outputs/sweep-bs-4/checkpoint-20/rng_state_5.pth
15984	2026-06-09T11:35:24.6969619240	outputs/sweep-bs-4/checkpoint-20/rng_state_6.pth
15984	2026-06-09T11:35:24.6906500440	outputs/sweep-bs-4/checkpoint-20/rng_state_7.pth
1064	2026-06-09T11:35:24.6884493550	outputs/sweep-bs-4/checkpoint-20/scheduler.pt
837	2026-06-09T11:35:22.9811902850	outputs/sweep-bs-4/checkpoint-20/special_tokens_map.json
4752657	2026-06-09T11:35:23.0157060080	outputs/sweep-bs-4/checkpoint-20/tokenizer.json
19940	2026-06-09T11:35:22.9793061330	outputs/sweep-bs-4/checkpoint-20/tokenizer_config.json
1358	2026-06-09T11:35:24.7013679020	outputs/sweep-bs-4/checkpoint-20/trainer_state.json
6776	2026-06-09T11:35:23.0191363050	outputs/sweep-bs-4/checkpoint-20/training_args.bin
33270	2026-06-09T11:35:24.6824788120	outputs/sweep-bs-4/checkpoint-20/zero_to_fp32.py
2153	2026-06-09T11:35:24.8639863700	outputs/sweep-bs-4/config.json
376690048	2026-06-09T11:35:25.7452175830	outputs/sweep-bs-4/model.safetensors
7335	2026-06-09T11:35:24.7099129710	outputs/sweep-bs-4/runs/Jun09_11-34-43_t2n1/events.out.tfevents.1780994093.t2n1.912859.0
837	2026-06-09T11:35:25.8242803840	outputs/sweep-bs-4/special_tokens_map.json
4752657	2026-06-09T11:35:25.8662168560	outputs/sweep-bs-4/tokenizer.json
19940	2026-06-09T11:35:25.8225692900	outputs/sweep-bs-4/tokenizer_config.json
6776	2026-06-09T11:35:25.7925526350	outputs/sweep-bs-4/training_args.bin
2153	2026-06-09T11:37:00.3068612310	outputs/sweep-bs-8/checkpoint-20/config.json
224488752	2026-06-09T11:37:02.6369410280	outputs/sweep-bs-8/checkpoint-20/global_step20/bf16_zero_pp_rank_0_mp_rank_00_optim_states.pt
224488816	2026-06-09T11:37:01.9109753210	outputs/sweep-bs-8/checkpoint-20/global_step20/bf16_zero_pp_rank_1_mp_rank_00_optim_states.pt
224489776	2026-06-09T11:37:01.8316673740	outputs/sweep-bs-8/checkpoint-20/global_step20/bf16_zero_pp_rank_2_mp_rank_00_optim_states.pt
224489136	2026-06-09T11:37:02.4960333540	outputs/sweep-bs-8/checkpoint-20/global_step20/bf16_zero_pp_rank_3_mp_rank_00_optim_states.pt
224488880	2026-06-09T11:37:02.1232247890	outputs/sweep-bs-8/checkpoint-20/global_step20/bf16_zero_pp_rank_4_mp_rank_00_optim_states.pt
224488944	2026-06-09T11:37:02.0554076820	outputs/sweep-bs-8/checkpoint-20/global_step20/bf16_zero_pp_rank_5_mp_rank_00_optim_states.pt
224488944	2026-06-09T11:37:02.5040944080	outputs/sweep-bs-8/checkpoint-20/global_step20/bf16_zero_pp_rank_6_mp_rank_00_optim_states.pt
224488880	2026-06-09T11:37:01.7824970090	outputs/sweep-bs-8/checkpoint-20/global_step20/bf16_zero_pp_rank_7_mp_rank_00_optim_states.pt
299352760	2026-06-09T11:37:02.0633483160	outputs/sweep-bs-8/checkpoint-20/global_step20/mp_rank_00_model_states.pt
13	2026-06-09T11:37:02.6470444720	outputs/sweep-bs-8/checkpoint-20/latest
376690048	2026-06-09T11:37:00.8477297630	outputs/sweep-bs-8/checkpoint-20/model.safetensors
15984	2026-06-09T11:37:02.6602015280	outputs/sweep-bs-8/checkpoint-20/rng_state_0.pth
15984	2026-06-09T11:37:02.6531945340	outputs/sweep-bs-8/checkpoint-20/rng_state_1.pth
15984	2026-06-09T11:37:02.6576755620	outputs/sweep-bs-8/checkpoint-20/rng_state_2.pth
15984	2026-06-09T11:37:02.6610015800	outputs/sweep-bs-8/checkpoint-20/rng_state_3.pth
15984	2026-06-09T11:37:02.6567474300	outputs/sweep-bs-8/checkpoint-20/rng_state_4.pth
15984	2026-06-09T11:37:02.6516777080	outputs/sweep-bs-8/checkpoint-20/rng_state_5.pth
15984	2026-06-09T11:37:02.6588405910	outputs/sweep-bs-8/checkpoint-20/rng_state_6.pth
15984	2026-06-09T11:37:02.6545347010	outputs/sweep-bs-8/checkpoint-20/rng_state_7.pth
1064	2026-06-09T11:37:02.6495627980	outputs/sweep-bs-8/checkpoint-20/scheduler.pt
837	2026-06-09T11:37:00.8593250930	outputs/sweep-bs-8/checkpoint-20/special_tokens_map.json
4752657	2026-06-09T11:37:00.9019358280	outputs/sweep-bs-8/checkpoint-20/tokenizer.json
19940	2026-06-09T11:37:00.8572572920	outputs/sweep-bs-8/checkpoint-20/tokenizer_config.json
1359	2026-06-09T11:37:02.6622050690	outputs/sweep-bs-8/checkpoint-20/trainer_state.json
6776	2026-06-09T11:37:00.9070278600	outputs/sweep-bs-8/checkpoint-20/training_args.bin
33270	2026-06-09T11:37:02.6418124010	outputs/sweep-bs-8/checkpoint-20/zero_to_fp32.py
2153	2026-06-09T11:37:02.8325113230	outputs/sweep-bs-8/config.json
376690048	2026-06-09T11:37:03.3944175460	outputs/sweep-bs-8/model.safetensors
7335	2026-06-09T11:37:02.6709808150	outputs/sweep-bs-8/runs/Jun09_11-36-01_t2n1/events.out.tfevents.1780994168.t2n1.914664.0
837	2026-06-09T11:37:03.4598136860	outputs/sweep-bs-8/special_tokens_map.json
4752657	2026-06-09T11:37:03.4966784760	outputs/sweep-bs-8/tokenizer.json
19940	2026-06-09T11:37:03.4584337290	outputs/sweep-bs-8/tokenizer_config.json
6776	2026-06-09T11:37:03.4530215700	outputs/sweep-bs-8/training_args.bin
34168	2026-06-09T11:34:42.2035861030	outputs/tokenized-ruslawod-8192/cache-2b354cf1e2de51ab.arrow
3340488	2026-06-09T11:34:42.1597438590	outputs/tokenized-ruslawod-8192/cache-d60c6fa9abb3a7e8.arrow
476883440	2026-06-08T01:12:06.7068307380	outputs/tokenized-ruslawod-8192/data-00000-of-00013.arrow
473079880	2026-06-08T01:12:07.4012684160	outputs/tokenized-ruslawod-8192/data-00001-of-00013.arrow
489701616	2026-06-08T01:12:08.7361014500	outputs/tokenized-ruslawod-8192/data-00002-of-00013.arrow
519237680	2026-06-08T01:12:09.6154564930	outputs/tokenized-ruslawod-8192/data-00003-of-00013.arrow
434292400	2026-06-08T01:12:10.2054150090	outputs/tokenized-ruslawod-8192/data-00004-of-00013.arrow
525106352	2026-06-08T01:12:11.5201693250	outputs/tokenized-ruslawod-8192/data-00005-of-00013.arrow
456637376	2026-06-08T01:12:12.8508868770	outputs/tokenized-ruslawod-8192/data-00006-of-00013.arrow
529607056	2026-06-08T01:12:14.1027309020	outputs/tokenized-ruslawod-8192/data-00007-of-00013.arrow
479506280	2026-06-08T01:12:15.3830345360	outputs/tokenized-ruslawod-8192/data-00008-of-00013.arrow
484124744	2026-06-08T01:12:16.9808110580	outputs/tokenized-ruslawod-8192/data-00009-of-00013.arrow
506601320	2026-06-08T01:12:18.0829550240	outputs/tokenized-ruslawod-8192/data-00010-of-00013.arrow
483915352	2026-06-08T01:12:18.8071422490	outputs/tokenized-ruslawod-8192/data-00011-of-00013.arrow
472773280	2026-06-08T01:12:19.9311570570	outputs/tokenized-ruslawod-8192/data-00012-of-00013.arrow
988	2026-06-08T01:12:19.9406366960	outputs/tokenized-ruslawod-8192/dataset_info.json
955	2026-06-08T01:12:19.9387407440	outputs/tokenized-ruslawod-8192/state.json
9649648	2026-07-29T21:51:50.9979103970	outputs/tokenized-sud-resh-8192/cache-01a2f00b9babb797.arrow
2648800	2026-07-29T21:51:48.8696231450	outputs/tokenized-sud-resh-8192/cache-37cd166b9eb5935b.arrow
14765584	2026-06-13T18:14:41.1811143950	outputs/tokenized-sud-resh-8192/data-00000-of-00001.arrow
1018	2026-06-13T18:14:41.2115112600	outputs/tokenized-sud-resh-8192/dataset_info.json
250	2026-06-13T18:14:41.2083291720	outputs/tokenized-sud-resh-8192/state.json
9649608	2026-07-29T21:51:51.0488894340	outputs/tokenized-sud-resh-prefix-2048/data-00000-of-00001.arrow
1018	2026-07-29T21:51:51.0552636260	outputs/tokenized-sud-resh-prefix-2048/dataset_info.json
250	2026-07-29T21:51:51.0534134330	outputs/tokenized-sud-resh-prefix-2048/state.json
2648760	2026-07-29T21:51:48.8929392430	outputs/tokenized-sud-resh-prefix-512/data-00000-of-00001.arrow
1018	2026-07-29T21:51:48.8972952740	outputs/tokenized-sud-resh-prefix-512/dataset_info.json
250	2026-07-29T21:51:48.8955755890	outputs/tokenized-sud-resh-prefix-512/state.json
14765584	2026-07-29T21:51:51.0853630630	outputs/tokenized-sud-resh-prefix-8192/data-00000-of-00001.arrow
1018	2026-07-29T21:51:51.0905491860	outputs/tokenized-sud-resh-prefix-8192/dataset_info.json
250	2026-07-29T21:51:51.0883708560	outputs/tokenized-sud-resh-prefix-8192/state.json
